Contract ID,Reference IDV,Modification Number,Transaction Number,Award/IDV Type,Action Obligation ($),Date Signed,Solicitation Date,Contracting Agency ID,Contracting Agency,Contracting Office Name,PSC Type,PSC,PSC Description,NAICS,NAICS Description,Entity City,Entity State,Entity ZIP Code,Additional Reporting Code,Additional Reporting Description,Unique Entity ID,Ultimate Parent Unique Entity ID,Ultimate Parent Legal Business Name,Legal Business Name,CAGE Code,
"W15QKN08C0530",,"P00017","0","DCA Definitive Contract","$9,200,000.00","Dec 16, 2010",,"2100","DEPT OF THE ARMY","W6QK ACC-PICA","P","1320","AMMUNITION, OVER 125 MM","541712","RESEARCH AND DEVELOPMENT IN THE PHYSICAL, ENGINEERING, AND LIFE SCIENCES (EXCEPT BIOTECHNOLOGY)","TUCSON","AZ","857569367",,,"VTEWM5QSE598","KLW3ZYL15493","RAYTHEON COMPANY","RAYTHEON COMPANY",,
"W15QKN08C0530",,"P00018","0","DCA Definitive Contract","$0.00","Jan 10, 2011",,"2100","DEPT OF THE ARMY","W6QK ACC-PICA","P","1320","AMMUNITION, OVER 125 MM","541712","RESEARCH AND DEVELOPMENT IN THE PHYSICAL, ENGINEERING, AND LIFE SCIENCES (EXCEPT BIOTECHNOLOGY)","TUCSON","AZ","857569367",,,"VTEWM5QSE598","KLW3ZYL15493","RAYTHEON COMPANY","RAYTHEON COMPANY",,
"W15QKN08C0530",,"P00019","0","DCA Definitive Contract","$3,587,988.19","Feb 2, 2011",,"2100","DEPT OF THE ARMY","W6QK ACC-PICA","P","1320","AMMUNITION, OVER 125 MM","541712","RESEARCH AND DEVELOPMENT IN THE PHYSICAL, ENGINEERING, AND LIFE SCIENCES (EXCEPT BIOTECHNOLOGY)","TUCSON","AZ","857569367",,,"VTEWM5QSE598","KLW3ZYL15493","RAYTHEON COMPANY","RAYTHEON COMPANY",,
"W15QKN08C0530",,"P00020","0","DCA Definitive Contract","$0.00","Feb 14, 2011",,"2100","DEPT OF THE ARMY","W6QK ACC-PICA","P","1320","AMMUNITION, OVER 125 MM","541712","RESEARCH AND DEVELOPMENT IN THE PHYSICAL, ENGINEERING, AND LIFE SCIENCES (EXCEPT BIOTECHNOLOGY)","TUCSON","AZ","857569367",,,"VTEWM5QSE598","KLW3ZYL15493","RAYTHEON COMPANY","RAYTHEON COMPANY",,
"W15QKN08C0530",,"P00054","0","DCA Definitive Contract","$781,928.00","Mar 27, 2014",,"2100","DEPT OF THE ARMY","W6QK ACC-PICA","P","1320","AMMUNITION, OVER 125MM","541712","RESEARCH AND DEVELOPMENT IN THE PHYSICAL, ENGINEERING, AND LIFE SCIENCES (EXCEPT BIOTECHNOLOGY)","TUCSON","AZ","857569367",,,"VTEWM5QSE598","KLW3ZYL15493","RAYTHEON COMPANY","RAYTHEON COMPANY",,
"DAAE3098C1032",,"P00160","0","DCA Definitive Contract","$6,000,000.00","Oct 18, 2006",,"2100","DEPT OF THE ARMY","W6QK ACC-PICA","S","AC55","WEAPONS (OPERATIONAL)",,,"LEWISVILLE","TX","750670000",,,"JPJCZUSL7KQ1","JPJCZUSL7KQ1","RAYTHEON COMPANY","RAYTHEON TI SYSTEMS INC",,
"DAAE3098C1032",,"P00159","0","DCA Definitive Contract","-$5,057,126.00","Oct 18, 2006",,"2100","DEPT OF THE ARMY","W6QK ACC-PICA","S","AC55","WEAPONS (OPERATIONAL)",,,"LEWISVILLE","TX","750670000",,,"JPJCZUSL7KQ1","JPJCZUSL7KQ1","RAYTHEON COMPANY","RAYTHEON TI SYSTEMS INC",,
"W15QKN08C0530",,"P00039","0","DCA Definitive Contract","$56,554,774.00","Dec 21, 2012",,"2100","DEPT OF THE ARMY","W6QK ACC-PICA","P","1320","AMMUNITION, OVER 125MM","541712","RESEARCH AND DEVELOPMENT IN THE PHYSICAL, ENGINEERING, AND LIFE SCIENCES (EXCEPT BIOTECHNOLOGY)","TUCSON","AZ","857569367",,,"VTEWM5QSE598","KLW3ZYL15493","RAYTHEON COMPANY","RAYTHEON COMPANY",,
"0001","W15QKN10D0001","1","0","DO Delivery Order","$1,934,449.00","Jun 28, 2010",,"2100","DEPT OF THE ARMY","W6QK ACC-PICA","S","R425","ENGINEERING AND TECHNICAL SERVICES","541330","ENGINEERING SERVICES","TUCSON","AZ","857569367",,,"VTEWM5QSE598","KLW3ZYL15493","RAYTHEON COMPANY","RAYTHEON COMPANY",,
"0010","W15QKN10D0001","0","1","DO Delivery Order","$2,680,160.00","Sep 9, 2011",,"2100","DEPT OF THE ARMY","W6QK ACC-PICA","S","R425","ENGINEERING AND TECHNICAL SERVICES","541330","ENGINEERING SERVICES","TUCSON","AZ","857569367",,,"VTEWM5QSE598","KLW3ZYL15493","RAYTHEON COMPANY","RAYTHEON COMPANY",,
"DAAE3098C1032",,"P00157","0","DCA Definitive Contract","$1,000,000.00","Sep 26, 2006",,"2100","DEPT OF THE ARMY","W6QK ACC-PICA","S","AC55","WEAPONS (OPERATIONAL)",,,"LEWISVILLE","TX","750670000",,,"JPJCZUSL7KQ1","JPJCZUSL7KQ1","RAYTHEON COMPANY","RAYTHEON TI SYSTEMS INC",,
"W15QKN07C0100",,"P00056","0","DCA Definitive Contract","$3,191,329.30","May 15, 2013",,"2100","DEPT OF THE ARMY","W6QK ACC-PICA","P","1320","AMMUNITION, OVER 125MM","332993","AMMUNITION (EXCEPT SMALL ARMS) MANUFACTURING","TUCSON","AZ","857069367",,,"VTEWM5QSE598","KLW3ZYL15493","RAYTHEON COMPANY","RAYTHEON COMPANY",,
"0001","W15QKN10D0001","0","0","DO Delivery Order","$2,775,458.00","Feb 1, 2010",,"2100","DEPT OF THE ARMY","W6QK ACC-PICA","S","R425","ENGINEERING AND TECHNICAL SERVICES","541330","ENGINEERING SERVICES","TUCSON","AZ","857569367",,,"VTEWM5QSE598","KLW3ZYL15493","RAYTHEON COMPANY","RAYTHEON COMPANY",,
"0007","W15QKN10D0001","1","1","DO Delivery Order","$3,191,328.00","Dec 2, 2010",,"2100","DEPT OF THE ARMY","W6QK ACC-PICA","S","R425","ENGINEERING AND TECHNICAL SERVICES","541330","ENGINEERING SERVICES","TUCSON","AZ","857569367",,,"VTEWM5QSE598","KLW3ZYL15493","RAYTHEON COMPANY","RAYTHEON COMPANY",,
"W15QKN07C0100",,"P00038","0","DCA Definitive Contract","$3,591,900.00","Mar 18, 2011",,"2100","DEPT OF THE ARMY","W6QK ACC-PICA","P","1320","AMMUNITION, OVER 125 MM","332993","AMMUNITION (EXCEPT SMALL ARMS) MANUFACTURING","TUCSON","AZ","857069367",,,"VTEWM5QSE598","KLW3ZYL15493","RAYTHEON COMPANY","RAYTHEON COMPANY",,
"0008","W15QKN10D0001","0","1","DO Delivery Order","$4,401,033.00","Dec 22, 2010",,"2100","DEPT OF THE ARMY","W6QK ACC-PICA","S","R425","ENGINEERING AND TECHNICAL SERVICES","541330","ENGINEERING SERVICES","TUCSON","AZ","857569367",,,"VTEWM5QSE598","KLW3ZYL15493","RAYTHEON COMPANY","RAYTHEON COMPANY",,
"0009","W15QKN10D0001","0","1","DO Delivery Order","$786,566.00","Jan 31, 2011",,"2100","DEPT OF THE ARMY","W6QK ACC-PICA","S","R425","ENGINEERING AND TECHNICAL SERVICES","541330","ENGINEERING SERVICES","TUCSON","AZ","857569367",,,"VTEWM5QSE598","KLW3ZYL15493","RAYTHEON COMPANY","RAYTHEON COMPANY",,
"W15QKN08C0530",,"P00002","0","DCA Definitive Contract","$943,276.00","Jan 5, 2009",,"2100","DEPT OF THE ARMY","W6QK ACC-PICA","P","1320","AMMUNITION, OVER 125 MM","541712","RESEARCH AND DEVELOPMENT IN THE PHYSICAL, ENGINEERING, AND LIFE SCIENCES (EXCEPT BIOTECHNOLOGY)","TUCSON","AZ","857569367",,,"VTEWM5QSE598","KLW3ZYL15493","RAYTHEON COMPANY","RAYTHEON COMPANY",,
"W15QKN20F0026","W15QKN18D0002","0","1","DO Delivery Order","$395,886.00","Oct 31, 2019","Aug 21, 2018","2100","DEPT OF THE ARMY","W6QK ACC-PICA","S","R425","SUPPORT- PROFESSIONAL: ENGINEERING/TECHNICAL","541330","ENGINEERING SERVICES","TUCSON","AZ","857569367","NONE","NONE OF THE ABOVE","VTEWM5QSE598","KLW3ZYL15493","RAYTHEON COMPANY","RAYTHEON COMPANY","15090",
"W15QKN08C0530",,"P00055","0","DCA Definitive Contract","$0.00","May 8, 2014",,"2100","DEPT OF THE ARMY","W6QK ACC-PICA","P","1320","AMMUNITION, OVER 125MM","541712","RESEARCH AND DEVELOPMENT IN THE PHYSICAL, ENGINEERING, AND LIFE SCIENCES (EXCEPT BIOTECHNOLOGY)","TUCSON","AZ","857569367",,,"VTEWM5QSE598","KLW3ZYL15493","RAYTHEON COMPANY","RAYTHEON COMPANY",,
"0001","W15QKN10D0001","3","0","DO Delivery Order","$0.00","Mar 16, 2011",,"2100","DEPT OF THE ARMY","W6QK ACC-PICA","S","R425","ENGINEERING AND TECHNICAL SERVICES","541330","ENGINEERING SERVICES","TUCSON","AZ","857569367",,,"VTEWM5QSE598","KLW3ZYL15493","RAYTHEON COMPANY","RAYTHEON COMPANY",,
"0001","W15QKN10D0001","4","0","DO Delivery Order","$0.00","Jun 1, 2011",,"2100","DEPT OF THE ARMY","W6QK ACC-PICA","S","R425","ENGINEERING AND TECHNICAL SERVICES","541330","ENGINEERING SERVICES","TUCSON","AZ","857569367",,,"VTEWM5QSE598","KLW3ZYL15493","RAYTHEON COMPANY","RAYTHEON COMPANY",,
"0007","W15QKN10D0001","2","1","DO Delivery Order","$0.00","Dec 2, 2010",,"2100","DEPT OF THE ARMY","W6QK ACC-PICA","S","R425","ENGINEERING AND TECHNICAL SERVICES","541330","ENGINEERING SERVICES","TUCSON","AZ","857569367",,,"VTEWM5QSE598","KLW3ZYL15493","RAYTHEON COMPANY","RAYTHEON COMPANY",,
"DAAE3098C1032",,"P00141","0","DCA Definitive Contract","$0.00","Jun 9, 2006",,"2100","DEPT OF THE ARMY","W6QK ACC-PICA","S","AC55","WEAPONS (OPERATIONAL)",,,"LEWISVILLE","TX","750670000",,,"JPJCZUSL7KQ1","JPJCZUSL7KQ1","RAYTHEON COMPANY","RAYTHEON TI SYSTEMS INC",,
"W15QKN10D0001",,"P00001",0,"IDC Indefinite Delivery Contract","$0.00","Jan 29, 2010",,"2100","DEPT OF THE ARMY","W6QK ACC-PICA","S","R425","ENGINEERING AND TECHNICAL SERVICES","541330","ENGINEERING SERVICES","TUCSON","AZ","857569367",,,"VTEWM5QSE598","KLW3ZYL15493","RAYTHEON COMPANY","RAYTHEON COMPANY",,
"W15QKN10D0001",,"P00002",0,"IDC Indefinite Delivery Contract","$0.00","Feb 4, 2010",,"2100","DEPT OF THE ARMY","W6QK ACC-PICA","S","R425","ENGINEERING AND TECHNICAL SERVICES","541330","ENGINEERING SERVICES","TUCSON","AZ","857569367",,,"VTEWM5QSE598","KLW3ZYL15493","RAYTHEON COMPANY","RAYTHEON COMPANY",,
"0007","W15QKN10D0001","0","1","DO Delivery Order","$0.00","Jan 29, 2010",,"2100","DEPT OF THE ARMY","W6QK ACC-PICA","S","R425","ENGINEERING AND TECHNICAL SERVICES","541330","ENGINEERING SERVICES","TUCSON","AZ","857569367",,,"VTEWM5QSE598","KLW3ZYL15493","RAYTHEON COMPANY","RAYTHEON COMPANY",,
"0007","W15QKN10D0001","4","1","DO Delivery Order","$0.00","May 3, 2011",,"2100","DEPT OF THE ARMY","W6QK ACC-PICA","S","R425","ENGINEERING AND TECHNICAL SERVICES","541330","ENGINEERING SERVICES","TUCSON","AZ","857569367",,,"VTEWM5QSE598","KLW3ZYL15493","RAYTHEON COMPANY","RAYTHEON COMPANY",,
"0007","W15QKN10D0001","5","1","DO Delivery Order","$0.00","Jun 2, 2011",,"2100","DEPT OF THE ARMY","W6QK ACC-PICA","S","R425","ENGINEERING AND TECHNICAL SERVICES","541330","ENGINEERING SERVICES","TUCSON","AZ","857569367",,,"VTEWM5QSE598","KLW3ZYL15493","RAYTHEON COMPANY","RAYTHEON COMPANY",,
"0008","W15QKN10D0001","2","1","DO Delivery Order","$0.00","Feb 22, 2011",,"2100","DEPT OF THE ARMY","W6QK ACC-PICA","S","R425","ENGINEERING AND TECHNICAL SERVICES","541330","ENGINEERING SERVICES","TUCSON","AZ","857569367",,,"VTEWM5QSE598","KLW3ZYL15493","RAYTHEON COMPANY","RAYTHEON COMPANY",,
"W15QKN08C0530",,"P00004","0","DCA Definitive Contract","$0.00","Mar 26, 2009",,"2100","DEPT OF THE ARMY","W6QK ACC-PICA","P","1320","AMMUNITION, OVER 125 MM","541712","RESEARCH AND DEVELOPMENT IN THE PHYSICAL, ENGINEERING, AND LIFE SCIENCES (EXCEPT BIOTECHNOLOGY)","TUCSON","AZ","857569367",,,"VTEWM5QSE598","KLW3ZYL15493","RAYTHEON COMPANY","RAYTHEON COMPANY",,
"W15QKN08C0530",,"P00071","2","DCA Definitive Contract","$7,863,440.00","Jun 30, 2016",,"2100","DEPT OF THE ARMY","W6QK ACC-PICA","P","1320","AMMUNITION, OVER 125MM","332993","AMMUNITION (EXCEPT SMALL ARMS) MANUFACTURING","TUCSON","AZ","857569367",,,"VTEWM5QSE598","KLW3ZYL15493","RAYTHEON COMPANY","RAYTHEON COMPANY",,
"W15QKN10D0001",,"P00004",0,"IDC Indefinite Delivery Contract","$0.00","Jan 14, 2011",,"2100","DEPT OF THE ARMY","W6QK ACC-PICA","S","R425","ENGINEERING AND TECHNICAL SERVICES","541330","ENGINEERING SERVICES","TUCSON","AZ","857569367",,,"VTEWM5QSE598","KLW3ZYL15493","RAYTHEON COMPANY","RAYTHEON COMPANY",,
"W15QKN08C0530",,"0","0","DCA Definitive Contract","$11,151,580.00","Sep 26, 2008",,"2100","DEPT OF THE ARMY","W6QK ACC-PICA","P","1320","AMMUNITION, OVER 125 MM","541712","RESEARCH AND DEVELOPMENT IN THE PHYSICAL, ENGINEERING, AND LIFE SCIENCES (EXCEPT BIOTECHNOLOGY)","TUCSON","AZ","857069367",,,"VTEWM5QSE598","KLW3ZYL15493","RAYTHEON COMPANY","RAYTHEON COMPANY",,
"W15QKN08C0530",,"P00001","0","DCA Definitive Contract","$0.00","Dec 9, 2008",,"2100","DEPT OF THE ARMY","W6QK ACC-PICA","P","1320","AMMUNITION, OVER 125 MM","541712","RESEARCH AND DEVELOPMENT IN THE PHYSICAL, ENGINEERING, AND LIFE SCIENCES (EXCEPT BIOTECHNOLOGY)","TUCSON","AZ","857569367",,,"VTEWM5QSE598","KLW3ZYL15493","RAYTHEON COMPANY","RAYTHEON COMPANY",,
"W15QKN08C0530",,"P00069","0","DCA Definitive Contract","$6,912,887.00","Apr 22, 2016",,"2100","DEPT OF THE ARMY","W6QK ACC-PICA","P","1320","AMMUNITION, OVER 125MM","541712","RESEARCH AND DEVELOPMENT IN THE PHYSICAL, ENGINEERING, AND LIFE SCIENCES (EXCEPT BIOTECHNOLOGY)","TUCSON","AZ","857569367",,,"VTEWM5QSE598","KLW3ZYL15493","RAYTHEON COMPANY","RAYTHEON COMPANY",,
"W15QKN24F0305","W15QKN23D0036","0","1","DO Delivery Order","$2,781,138.00","Jun 11, 2024","Aug 2, 2023","2100","DEPT OF THE ARMY","W6QK ACC-PICA","S","R425","SUPPORT- PROFESSIONAL: ENGINEERING/TECHNICAL","541330","ENGINEERING SERVICES","TUCSON","AZ","857569367","NONE","NONE OF THE ABOVE","VTEWM5QSE598","EGAVSJTA2D81","RAYTHEON COMPANY","RAYTHEON COMPANY","15090",
"0002","W15QKN10D0001","0","0","DO Delivery Order","$84,041.00","Feb 4, 2010",,"2100","DEPT OF THE ARMY","W6QK ACC-PICA","S","R425","ENGINEERING AND TECHNICAL SERVICES","541330","ENGINEERING SERVICES","TUCSON","AZ","857569367",,,"VTEWM5QSE598","KLW3ZYL15493","RAYTHEON COMPANY","RAYTHEON COMPANY",,
"0007","W15QKN10D0001","0","0","DO Delivery Order","$1,951,255.00","Sep 17, 2010",,"2100","DEPT OF THE ARMY","W6QK ACC-PICA","S","R425","ENGINEERING AND TECHNICAL SERVICES","541330","ENGINEERING SERVICES","TUCSON","AZ","857569367",,,"VTEWM5QSE598","KLW3ZYL15493","RAYTHEON COMPANY","RAYTHEON COMPANY",,
"W15QKN07C0100",,"P00060","0","DCA Definitive Contract","$507,706.00","Jan 27, 2014",,"2100","DEPT OF THE ARMY","W6QK ACC-PICA","P","1320","AMMUNITION, OVER 125MM","332993","AMMUNITION (EXCEPT SMALL ARMS) MANUFACTURING","TUCSON","AZ","857069367",,,"VTEWM5QSE598","KLW3ZYL15493","RAYTHEON COMPANY","RAYTHEON COMPANY",,
"W15QKN08C0530",,"P00003","0","DCA Definitive Contract","$0.00","Feb 26, 2009",,"2100","DEPT OF THE ARMY","W6QK ACC-PICA","P","1320","AMMUNITION, OVER 125 MM","541712","RESEARCH AND DEVELOPMENT IN THE PHYSICAL, ENGINEERING, AND LIFE SCIENCES (EXCEPT BIOTECHNOLOGY)","TUCSON","AZ","857569367",,,"VTEWM5QSE598","KLW3ZYL15493","RAYTHEON COMPANY","RAYTHEON COMPANY",,
"W15QKN08C0530",,"P00066","2","DCA Definitive Contract","$8,310,252.00","Jun 25, 2015",,"2100","DEPT OF THE ARMY","W6QK ACC-PICA","P","1320","AMMUNITION, OVER 125MM","332993","AMMUNITION (EXCEPT SMALL ARMS) MANUFACTURING","TUCSON","AZ","857569367",,,"VTEWM5QSE598","KLW3ZYL15493","RAYTHEON COMPANY","RAYTHEON COMPANY",,
"W15QKN10D0001",,"0",0,"IDC Indefinite Delivery Contract","$0.00","Jan 29, 2010",,"2100","DEPT OF THE ARMY","W6QK ACC-PICA","S","R425","ENGINEERING AND TECHNICAL SERVICES","541330","ENGINEERING SERVICES","TUCSON","AZ","857569367",,,"VTEWM5QSE598","KLW3ZYL15493","RAYTHEON COMPANY","RAYTHEON COMPANY",,
"W15QKN10D0001",,"P00003",0,"IDC Indefinite Delivery Contract","$0.00","Apr 2, 2010",,"2100","DEPT OF THE ARMY","W6QK ACC-PICA","S","R425","ENGINEERING AND TECHNICAL SERVICES","541330","ENGINEERING SERVICES","TUCSON","AZ","857569367",,,"VTEWM5QSE598","KLW3ZYL15493","RAYTHEON COMPANY","RAYTHEON COMPANY",,
"W15QKN08C0530",,"P00045","0","DCA Definitive Contract","$1,842,193.08","May 28, 2013",,"2100","DEPT OF THE ARMY","W6QK ACC-PICA","P","1320","AMMUNITION, OVER 125MM","541712","RESEARCH AND DEVELOPMENT IN THE PHYSICAL, ENGINEERING, AND LIFE SCIENCES (EXCEPT BIOTECHNOLOGY)","TUCSON","AZ","857569367",,,"VTEWM5QSE598","KLW3ZYL15493","RAYTHEON COMPANY","RAYTHEON COMPANY",,
"W15QKN19C0017",,"0","1","DCA Definitive Contract","$200,234,192.44","Apr 30, 2019","Sep 21, 2017","2100","DEPT OF THE ARMY","W6QK ACC-PICA","P","1320","AMMUNITION, OVER 125MM","332993","AMMUNITION (EXCEPT SMALL ARMS) MANUFACTURING","TUCSON","AZ","857569367","NONE","NONE OF THE ABOVE","VTEWM5QSE598","KLW3ZYL15493","RAYTHEON COMPANY","RAYTHEON COMPANY","15090",
"0001","W15QKN10D0001","2","0","DO Delivery Order","$761,103.00","Nov 8, 2010",,"2100","DEPT OF THE ARMY","W6QK ACC-PICA","S","R425","ENGINEERING AND TECHNICAL SERVICES","541330","ENGINEERING SERVICES","TUCSON","AZ","857569367",,,"VTEWM5QSE598","KLW3ZYL15493","RAYTHEON COMPANY","RAYTHEON COMPANY",,
"0002","W15QKN10D0001","1","0","DO Delivery Order","$55,950.00","Jul 27, 2011",,"2100","DEPT OF THE ARMY","W6QK ACC-PICA","S","R425","ENGINEERING AND TECHNICAL SERVICES","541330","ENGINEERING SERVICES","TUCSON","AZ","857569367",,,"VTEWM5QSE598","KLW3ZYL15493","RAYTHEON COMPANY","RAYTHEON COMPANY",,
"0007","W15QKN10D0001","3","1","DO Delivery Order","$0.00","Mar 31, 2011",,"2100","DEPT OF THE ARMY","W6QK ACC-PICA","S","R425","ENGINEERING AND TECHNICAL SERVICES","541330","ENGINEERING SERVICES","TUCSON","AZ","857569367",,,"VTEWM5QSE598","KLW3ZYL15493","RAYTHEON COMPANY","RAYTHEON COMPANY",,
"0010","W15QKN10D0001","1","1","DO Delivery Order","$285,734.00","Nov 16, 2011",,"2100","DEPT OF THE ARMY","W6QK ACC-PICA","S","R425","SUPPORT- PROFESSIONAL: ENGINEERING/TECHNICAL","541330","ENGINEERING SERVICES","TUCSON","AZ","857569367",,,"VTEWM5QSE598","KLW3ZYL15493","RAYTHEON COMPANY","RAYTHEON COMPANY",,
"W15QKN07C0100",,"P00041","0","DCA Definitive Contract","$8,330,239.39","Apr 21, 2011",,"2100","DEPT OF THE ARMY","W6QK ACC-PICA","P","1320","AMMUNITION, OVER 125 MM","332993","AMMUNITION (EXCEPT SMALL ARMS) MANUFACTURING","TUCSON","AZ","857069367",,,"VTEWM5QSE598","KLW3ZYL15493","RAYTHEON COMPANY","RAYTHEON COMPANY",,
"W15QKN07C0100",,"P00041","2","DCA Definitive Contract","-$74,973.75","Apr 21, 2011",,"2100","DEPT OF THE ARMY","W6QK ACC-PICA","P","1320","AMMUNITION, OVER 125 MM","332993","AMMUNITION (EXCEPT SMALL ARMS) MANUFACTURING","TUCSON","AZ","857569367",,,"VTEWM5QSE598","KLW3ZYL15493","RAYTHEON COMPANY","RAYTHEON COMPANY",,
"W15QKN07C0100",,"P00039","0","DCA Definitive Contract","$166,650,694.05","Mar 31, 2011",,"2100","DEPT OF THE ARMY","W6QK ACC-PICA","P","1320","AMMUNITION, OVER 125 MM","332993","AMMUNITION (EXCEPT SMALL ARMS) MANUFACTURING","TUCSON","AZ","857069367",,,"VTEWM5QSE598","KLW3ZYL15493","RAYTHEON COMPANY","RAYTHEON COMPANY",,
"W15QKN07C0100",,"P00039","2","DCA Definitive Contract","$5,921,274.60","Mar 31, 2011",,"2100","DEPT OF THE ARMY","W6QK ACC-PICA","P","1320","AMMUNITION, OVER 125 MM","332993","AMMUNITION (EXCEPT SMALL ARMS) MANUFACTURING","TUCSON","AZ","857569367",,,"VTEWM5QSE598","KLW3ZYL15493","RAYTHEON COMPANY","RAYTHEON COMPANY",,
"W15QKN08C0530",,"0","2","DCA Definitive Contract","$0.00","Sep 26, 2008",,"2100","DEPT OF THE ARMY","W6QK ACC-PICA","P","1320","AMMUNITION, OVER 125 MM","332993","AMMUNITION (EXCEPT SMALL ARMS) MANUFACTURING","TUCSON","AZ","857569367",,,"VTEWM5QSE598","KLW3ZYL15493","RAYTHEON COMPANY","RAYTHEON COMPANY",,
"W15QKN08C0530",,"P00083","0","DCA Definitive Contract","$1,025,430.00","Mar 28, 2018",,"2100","DEPT OF THE ARMY","W6QK ACC-PICA","P","1320","AMMUNITION, OVER 125MM","541712","RESEARCH AND DEVELOPMENT IN THE PHYSICAL, ENGINEERING, AND LIFE SCIENCES (EXCEPT BIOTECHNOLOGY)","TUCSON","AZ","857569367",,,"VTEWM5QSE598","KLW3ZYL15493","RAYTHEON COMPANY","RAYTHEON COMPANY","15090",
"W15QKN08C0530",,"P00078","0","DCA Definitive Contract","$127,095,915.54","Sep 15, 2017",,"2100","DEPT OF THE ARMY","W6QK ACC-PICA","P","1320","AMMUNITION, OVER 125MM","541712","RESEARCH AND DEVELOPMENT IN THE PHYSICAL, ENGINEERING, AND LIFE SCIENCES (EXCEPT BIOTECHNOLOGY)","TUCSON","AZ","857569367",,,"VTEWM5QSE598","KLW3ZYL15493","RAYTHEON COMPANY","RAYTHEON COMPANY","15090",
"W15QKN24F0037","W15QKN23D0036","0","1","DO Delivery Order","$3,987,173.12","Jan 22, 2024","Jan 12, 2024","2100","DEPT OF THE ARMY","W6QK ACC-PICA","S","R425","SUPPORT- PROFESSIONAL: ENGINEERING/TECHNICAL","541330","ENGINEERING SERVICES","TUCSON","AZ","857569367","NONE","NONE OF THE ABOVE","VTEWM5QSE598","EGAVSJTA2D81","RAYTHEON COMPANY","RAYTHEON COMPANY","15090",
"0008","W15QKN10D0001","1","1","DO Delivery Order","$0.00","Dec 30, 2010",,"2100","DEPT OF THE ARMY","W6QK ACC-PICA","S","R425","ENGINEERING AND TECHNICAL SERVICES","541330","ENGINEERING SERVICES","TUCSON","AZ","857569367",,,"VTEWM5QSE598","KLW3ZYL15493","RAYTHEON COMPANY","RAYTHEON COMPANY",,
"W15QKN07C0100",,"A00007","0","DCA Definitive Contract","$81,907.00","Apr 16, 2008",,"2100","DEPT OF THE ARMY","W6QK ACC-PICA","P","1320","AMMUNITION, OVER 125 MM","332993","AMMUNITION (EXCEPT SMALL ARMS) MANUFACTURING","TUCSON","AZ","857069367",,,"VTEWM5QSE598","KLW3ZYL15493","RAYTHEON COMPANY","RAYTHEON COMPANY",,
"W15QKN07C0100",,"P00002","0","DCA Definitive Contract","$0.00","Jun 18, 2007",,"2100","DEPT OF THE ARMY","W6QK ACC-PICA","P","1320","AMMUNITION, OVER 125 MM","332993","AMMUNITION (EXCEPT SMALL ARMS) MANUFACTURING","TUCSON","AZ","857069367",,,"VTEWM5QSE598","KLW3ZYL15493","RAYTHEON COMPANY","RAYTHEON COMPANY",,
"W15QKN07C0100",,"P00011","0","DCA Definitive Contract","$863,208.00","Jun 10, 2008",,"2100","DEPT OF THE ARMY","W6QK ACC-PICA","P","1320","AMMUNITION, OVER 125 MM","332993","AMMUNITION (EXCEPT SMALL ARMS) MANUFACTURING","TUCSON","AZ","857069367",,,"VTEWM5QSE598","KLW3ZYL15493","RAYTHEON COMPANY","RAYTHEON COMPANY",,
"W15QKN07C0100",,"P00031","0","DCA Definitive Contract","$2,283,900.00","Nov 6, 2009",,"2100","DEPT OF THE ARMY","W6QK ACC-PICA","P","1320","AMMUNITION, OVER 125 MM","332993","AMMUNITION (EXCEPT SMALL ARMS) MANUFACTURING","TUCSON","AZ","857069367",,,"VTEWM5QSE598","KLW3ZYL15493","RAYTHEON COMPANY","RAYTHEON COMPANY",,
"W15QKN07C0100",,"P00032","0","DCA Definitive Contract","$142,031.52","Dec 9, 2009",,"2100","DEPT OF THE ARMY","W6QK ACC-PICA","P","1320","AMMUNITION, OVER 125 MM","332993","AMMUNITION (EXCEPT SMALL ARMS) MANUFACTURING","TUCSON","AZ","857069367",,,"VTEWM5QSE598","KLW3ZYL15493","RAYTHEON COMPANY","RAYTHEON COMPANY",,
"W15QKN07C0100",,"P00034","0","DCA Definitive Contract","$0.00","Feb 17, 2010",,"2100","DEPT OF THE ARMY","W6QK ACC-PICA","P","1320","AMMUNITION, OVER 125 MM","332993","AMMUNITION (EXCEPT SMALL ARMS) MANUFACTURING","TUCSON","AZ","857069367",,,"VTEWM5QSE598","KLW3ZYL15493","RAYTHEON COMPANY","RAYTHEON COMPANY",,
"W15QKN08C0530",,"P00015","0","DCA Definitive Contract","$10,000,000.00","Aug 25, 2010",,"2100","DEPT OF THE ARMY","W6QK ACC-PICA","P","1320","AMMUNITION, OVER 125 MM","541712","RESEARCH AND DEVELOPMENT IN THE PHYSICAL, ENGINEERING, AND LIFE SCIENCES (EXCEPT BIOTECHNOLOGY)","TUCSON","AZ","857569367",,,"VTEWM5QSE598","KLW3ZYL15493","RAYTHEON COMPANY","RAYTHEON COMPANY",,
"0002","W15QKN10D0001","5","0","DO Delivery Order","$0.00","Aug 22, 2012",,"2100","DEPT OF THE ARMY","W6QK ACC-PICA","S","R425","SUPPORT- PROFESSIONAL: ENGINEERING/TECHNICAL","541330","ENGINEERING SERVICES","TUCSON","AZ","857569367",,,"VTEWM5QSE598","KLW3ZYL15493","RAYTHEON COMPANY","RAYTHEON COMPANY",,
"0011","W15QKN10D0001","2","1","DO Delivery Order","$579,114.00","Dec 19, 2012",,"2100","DEPT OF THE ARMY","W6QK ACC-PICA","S","R425","SUPPORT- PROFESSIONAL: ENGINEERING/TECHNICAL","541330","ENGINEERING SERVICES","TUCSON","AZ","857569367",,,"VTEWM5QSE598","KLW3ZYL15493","RAYTHEON COMPANY","RAYTHEON COMPANY",,
"W15QKN07C0100",,"P00018","0","DCA Definitive Contract","$91,123.12","Feb 20, 2009",,"2100","DEPT OF THE ARMY","W6QK ACC-PICA","P","1320","AMMUNITION, OVER 125 MM","332993","AMMUNITION (EXCEPT SMALL ARMS) MANUFACTURING","TUCSON","AZ","857069367",,,"VTEWM5QSE598","KLW3ZYL15493","RAYTHEON COMPANY","RAYTHEON COMPANY",,
"W15QKN07C0100",,"P00019","0","DCA Definitive Contract","$50,004.00","Mar 17, 2009",,"2100","DEPT OF THE ARMY","W6QK ACC-PICA","P","1320","AMMUNITION, OVER 125 MM","332993","AMMUNITION (EXCEPT SMALL ARMS) MANUFACTURING","TUCSON","AZ","857069367",,,"VTEWM5QSE598","KLW3ZYL15493","RAYTHEON COMPANY","RAYTHEON COMPANY",,
"W15QKN07C0100",,"P00021","0","DCA Definitive Contract","$3,544,107.00","May 5, 2009",,"2100","DEPT OF THE ARMY","W6QK ACC-PICA","P","1320","AMMUNITION, OVER 125 MM","332993","AMMUNITION (EXCEPT SMALL ARMS) MANUFACTURING","TUCSON","AZ","857069367",,,"VTEWM5QSE598","KLW3ZYL15493","RAYTHEON COMPANY","RAYTHEON COMPANY",,
"W15QKN07C0100",,"P00022","0","DCA Definitive Contract","$238,566.00","May 14, 2009",,"2100","DEPT OF THE ARMY","W6QK ACC-PICA","P","1320","AMMUNITION, OVER 125 MM","332993","AMMUNITION (EXCEPT SMALL ARMS) MANUFACTURING","TUCSON","AZ","857069367",,,"VTEWM5QSE598","KLW3ZYL15493","RAYTHEON COMPANY","RAYTHEON COMPANY",,
"W15QKN07C0100",,"P00024","0","DCA Definitive Contract","$0.00","Jul 9, 2009",,"2100","DEPT OF THE ARMY","W6QK ACC-PICA","P","1320","AMMUNITION, OVER 125 MM","332993","AMMUNITION (EXCEPT SMALL ARMS) MANUFACTURING","TUCSON","AZ","857069367",,,"VTEWM5QSE598","KLW3ZYL15493","RAYTHEON COMPANY","RAYTHEON COMPANY",,
"W15QKN07C0100",,"P00025","0","DCA Definitive Contract","$0.00","Jul 16, 2009",,"2100","DEPT OF THE ARMY","W6QK ACC-PICA","P","1320","AMMUNITION, OVER 125 MM","332993","AMMUNITION (EXCEPT SMALL ARMS) MANUFACTURING","TUCSON","AZ","857069367",,,"VTEWM5QSE598","KLW3ZYL15493","RAYTHEON COMPANY","RAYTHEON COMPANY",,
"W15QKN07C0100",,"P00026","0","DCA Definitive Contract","$2,642,142.92","Aug 10, 2009",,"2100","DEPT OF THE ARMY","W6QK ACC-PICA","P","1320","AMMUNITION, OVER 125 MM","332993","AMMUNITION (EXCEPT SMALL ARMS) MANUFACTURING","TUCSON","AZ","857069367",,,"VTEWM5QSE598","KLW3ZYL15493","RAYTHEON COMPANY","RAYTHEON COMPANY",,
"W15QKN08C0530",,"P00005","0","DCA Definitive Contract","$9,372,350.00","Mar 27, 2009",,"2100","DEPT OF THE ARMY","W6QK ACC-PICA","P","1320","AMMUNITION, OVER 125 MM","541712","RESEARCH AND DEVELOPMENT IN THE PHYSICAL, ENGINEERING, AND LIFE SCIENCES (EXCEPT BIOTECHNOLOGY)","TUCSON","AZ","857569367",,,"VTEWM5QSE598","KLW3ZYL15493","RAYTHEON COMPANY","RAYTHEON COMPANY",,
"W15QKN08C0530",,"P00007","0","DCA Definitive Contract","$2,500,000.00","Nov 2, 2009",,"2100","DEPT OF THE ARMY","W6QK ACC-PICA","P","1320","AMMUNITION, OVER 125 MM","541712","RESEARCH AND DEVELOPMENT IN THE PHYSICAL, ENGINEERING, AND LIFE SCIENCES (EXCEPT BIOTECHNOLOGY)","TUCSON","AZ","857569367",,,"VTEWM5QSE598","KLW3ZYL15493","RAYTHEON COMPANY","RAYTHEON COMPANY",,
"W15QKN08C0530",,"P00010","0","DCA Definitive Contract","$1,100,000.00","Feb 4, 2010",,"2100","DEPT OF THE ARMY","W6QK ACC-PICA","P","1320","AMMUNITION, OVER 125 MM","541712","RESEARCH AND DEVELOPMENT IN THE PHYSICAL, ENGINEERING, AND LIFE SCIENCES (EXCEPT BIOTECHNOLOGY)","TUCSON","AZ","857569367",,,"VTEWM5QSE598","KLW3ZYL15493","RAYTHEON COMPANY","RAYTHEON COMPANY",,
"W15QKN08C0530",,"P00061","0","DCA Definitive Contract","$141,584.00","Oct 23, 2014",,"2100","DEPT OF THE ARMY","W6QK ACC-PICA","P","1320","AMMUNITION, OVER 125MM","541712","RESEARCH AND DEVELOPMENT IN THE PHYSICAL, ENGINEERING, AND LIFE SCIENCES (EXCEPT BIOTECHNOLOGY)","TUCSON","AZ","857569367",,,"VTEWM5QSE598","KLW3ZYL15493","RAYTHEON COMPANY","RAYTHEON COMPANY",,
"W15QKN07C0100",,"0","0","DCA Definitive Contract","$64,999,998.00","Apr 5, 2007",,"2100","DEPT OF THE ARMY","W6QK ACC-PICA","P","1320","AMMUNITION, OVER 125 MM","332993","AMMUNITION (EXCEPT SMALL ARMS) MANUFACTURING","TUCSON","AZ","857069367",,,"VTEWM5QSE598","KLW3ZYL15493","RAYTHEON COMPANY","RAYTHEON COMPANY",,
"W15QKN07C0100",,"P00005","0","DCA Definitive Contract","$0.00","Dec 14, 2007",,"2100","DEPT OF THE ARMY","W6QK ACC-PICA","P","1320","AMMUNITION, OVER 125 MM","332993","AMMUNITION (EXCEPT SMALL ARMS) MANUFACTURING","TUCSON","AZ","857069367",,,"VTEWM5QSE598","KLW3ZYL15493","RAYTHEON COMPANY","RAYTHEON COMPANY",,
"W15QKN07C0100",,"P00015","0","DCA Definitive Contract","$0.00","Oct 23, 2008",,"2100","DEPT OF THE ARMY","W6QK ACC-PICA","P","1320","AMMUNITION, OVER 125 MM","332993","AMMUNITION (EXCEPT SMALL ARMS) MANUFACTURING","TUCSON","AZ","857069367",,,"VTEWM5QSE598","KLW3ZYL15493","RAYTHEON COMPANY","RAYTHEON COMPANY",,
"W15QKN07C0100",,"P00017","0","DCA Definitive Contract","$349,695.00","Jan 14, 2009",,"2100","DEPT OF THE ARMY","W6QK ACC-PICA","P","1320","AMMUNITION, OVER 125 MM","332993","AMMUNITION (EXCEPT SMALL ARMS) MANUFACTURING","TUCSON","AZ","857069367",,,"VTEWM5QSE598","KLW3ZYL15493","RAYTHEON COMPANY","RAYTHEON COMPANY",,
"W15QKN07C0100",,"P00020","0","DCA Definitive Contract","$0.00","Mar 24, 2009",,"2100","DEPT OF THE ARMY","W6QK ACC-PICA","P","1320","AMMUNITION, OVER 125 MM","332993","AMMUNITION (EXCEPT SMALL ARMS) MANUFACTURING","TUCSON","AZ","857069367",,,"VTEWM5QSE598","KLW3ZYL15493","RAYTHEON COMPANY","RAYTHEON COMPANY",,
"W15QKN07C0100",,"PZ0003","0","DCA Definitive Contract","$48,474,997.00","Nov 15, 2007",,"2100","DEPT OF THE ARMY","W6QK ACC-PICA","P","1320","AMMUNITION, OVER 125 MM","332993","AMMUNITION (EXCEPT SMALL ARMS) MANUFACTURING","TUCSON","AZ","857069367",,,"VTEWM5QSE598","KLW3ZYL15493","RAYTHEON COMPANY","RAYTHEON COMPANY",,
"W15QKN08C0530",,"P00006","0","DCA Definitive Contract","$243,146.00","Sep 16, 2009",,"2100","DEPT OF THE ARMY","W6QK ACC-PICA","P","1320","AMMUNITION, OVER 125 MM","541712","RESEARCH AND DEVELOPMENT IN THE PHYSICAL, ENGINEERING, AND LIFE SCIENCES (EXCEPT BIOTECHNOLOGY)","TUCSON","AZ","857569367",,,"VTEWM5QSE598","KLW3ZYL15493","RAYTHEON COMPANY","RAYTHEON COMPANY",,
"W15QKN08C0530",,"P00008","0","DCA Definitive Contract","$3,008,686.04","Dec 11, 2009",,"2100","DEPT OF THE ARMY","W6QK ACC-PICA","P","1320","AMMUNITION, OVER 125 MM","541712","RESEARCH AND DEVELOPMENT IN THE PHYSICAL, ENGINEERING, AND LIFE SCIENCES (EXCEPT BIOTECHNOLOGY)","TUCSON","AZ","857569367",,,"VTEWM5QSE598","KLW3ZYL15493","RAYTHEON COMPANY","RAYTHEON COMPANY",,
"W15QKN08C0530",,"P00009","0","DCA Definitive Contract","$2,100,000.00","Feb 1, 2010",,"2100","DEPT OF THE ARMY","W6QK ACC-PICA","P","1320","AMMUNITION, OVER 125 MM","541712","RESEARCH AND DEVELOPMENT IN THE PHYSICAL, ENGINEERING, AND LIFE SCIENCES (EXCEPT BIOTECHNOLOGY)","TUCSON","AZ","857569367",,,"VTEWM5QSE598","KLW3ZYL15493","RAYTHEON COMPANY","RAYTHEON COMPANY",,
"W15QKN08C0530",,"P00012","0","DCA Definitive Contract","$0.00","May 21, 2010",,"2100","DEPT OF THE ARMY","W6QK ACC-PICA","P","1320","AMMUNITION, OVER 125 MM","541712","RESEARCH AND DEVELOPMENT IN THE PHYSICAL, ENGINEERING, AND LIFE SCIENCES (EXCEPT BIOTECHNOLOGY)","TUCSON","AZ","857569367",,,"VTEWM5QSE598","KLW3ZYL15493","RAYTHEON COMPANY","RAYTHEON COMPANY",,
"W15QKN08C0530",,"P00013","0","DCA Definitive Contract","-$6,314.00","Jul 23, 2010",,"2100","DEPT OF THE ARMY","W6QK ACC-PICA","P","1320","AMMUNITION, OVER 125 MM","541712","RESEARCH AND DEVELOPMENT IN THE PHYSICAL, ENGINEERING, AND LIFE SCIENCES (EXCEPT BIOTECHNOLOGY)","TUCSON","AZ","857569367",,,"VTEWM5QSE598","KLW3ZYL15493","RAYTHEON COMPANY","RAYTHEON COMPANY",,
"W15QKN08C0530",,"P00016","0","DCA Definitive Contract","$0.00","Oct 18, 2010",,"2100","DEPT OF THE ARMY","W6QK ACC-PICA","P","1320","AMMUNITION, OVER 125 MM","541712","RESEARCH AND DEVELOPMENT IN THE PHYSICAL, ENGINEERING, AND LIFE SCIENCES (EXCEPT BIOTECHNOLOGY)","TUCSON","AZ","857569367",,,"VTEWM5QSE598","KLW3ZYL15493","RAYTHEON COMPANY","RAYTHEON COMPANY",,
"W15QKN07C0100",,"P00001","0","DCA Definitive Contract","-$32,124,757.00","May 17, 2007",,"2100","DEPT OF THE ARMY","W6QK ACC-PICA","P","1320","AMMUNITION, OVER 125 MM","332993","AMMUNITION (EXCEPT SMALL ARMS) MANUFACTURING","TUCSON","AZ","857069367",,,"VTEWM5QSE598","KLW3ZYL15493","RAYTHEON COMPANY","RAYTHEON COMPANY",,
"W15QKN07C0100",,"P00006","0","DCA Definitive Contract","$0.00","Dec 18, 2007",,"2100","DEPT OF THE ARMY","W6QK ACC-PICA","P","1320","AMMUNITION, OVER 125 MM","332993","AMMUNITION (EXCEPT SMALL ARMS) MANUFACTURING","TUCSON","AZ","857069367",,,"VTEWM5QSE598","KLW3ZYL15493","RAYTHEON COMPANY","RAYTHEON COMPANY",,
"W15QKN07C0100",,"P00010","0","DCA Definitive Contract","$85,278,599.54","May 30, 2008",,"2100","DEPT OF THE ARMY","W6QK ACC-PICA","P","1320","AMMUNITION, OVER 125 MM","332993","AMMUNITION (EXCEPT SMALL ARMS) MANUFACTURING","TUCSON","AZ","857069367",,,"VTEWM5QSE598","KLW3ZYL15493","RAYTHEON COMPANY","RAYTHEON COMPANY",,
"W15QKN07C0100",,"P00013","0","DCA Definitive Contract","$2,795,925.00","Jul 25, 2008",,"2100","DEPT OF THE ARMY","W6QK ACC-PICA","P","1320","AMMUNITION, OVER 125 MM","332993","AMMUNITION (EXCEPT SMALL ARMS) MANUFACTURING","TUCSON","AZ","857069367",,,"VTEWM5QSE598","KLW3ZYL15493","RAYTHEON COMPANY","RAYTHEON COMPANY",,
"W15QKN07C0100",,"P00028","0","DCA Definitive Contract","$0.00","Sep 10, 2009",,"2100","DEPT OF THE ARMY","W6QK ACC-PICA","P","1320","AMMUNITION, OVER 125 MM","332993","AMMUNITION (EXCEPT SMALL ARMS) MANUFACTURING","TUCSON","AZ","857069367",,,"VTEWM5QSE598","KLW3ZYL15493","RAYTHEON COMPANY","RAYTHEON COMPANY",,
"W15QKN07C0100",,"P00029","0","DCA Definitive Contract","$44,719,008.12","Sep 16, 2009",,"2100","DEPT OF THE ARMY","W6QK ACC-PICA","P","1320","AMMUNITION, OVER 125 MM","332993","AMMUNITION (EXCEPT SMALL ARMS) MANUFACTURING","TUCSON","AZ","857069367",,,"VTEWM5QSE598","KLW3ZYL15493","RAYTHEON COMPANY","RAYTHEON COMPANY",,
"W15QKN07C0100",,"P00030","0","DCA Definitive Contract","$17,470,397.43","Sep 23, 2009",,"2100","DEPT OF THE ARMY","W6QK ACC-PICA","P","1320","AMMUNITION, OVER 125 MM","332993","AMMUNITION (EXCEPT SMALL ARMS) MANUFACTURING","TUCSON","AZ","857069367",,,"VTEWM5QSE598","KLW3ZYL15493","RAYTHEON COMPANY","RAYTHEON COMPANY",,
"W15QKN07C0100",,"P00036","0","DCA Definitive Contract","$314,137.98","Aug 6, 2010",,"2100","DEPT OF THE ARMY","W6QK ACC-PICA","P","1320","AMMUNITION, OVER 125 MM","332993","AMMUNITION (EXCEPT SMALL ARMS) MANUFACTURING","TUCSON","AZ","857069367",,,"VTEWM5QSE598","KLW3ZYL15493","RAYTHEON COMPANY","RAYTHEON COMPANY",,
"W15QKN07C0100",,"PZ0004","0","DCA Definitive Contract","$43,171.00","Dec 11, 2007",,"2100","DEPT OF THE ARMY","W6QK ACC-PICA","P","1320","AMMUNITION, OVER 125 MM","332993","AMMUNITION (EXCEPT SMALL ARMS) MANUFACTURING","TUCSON","AZ","857069367",,,"VTEWM5QSE598","KLW3ZYL15493","RAYTHEON COMPANY","RAYTHEON COMPANY",,
"W15QKN08C0530",,"P00011","0","DCA Definitive Contract","$0.00","Apr 26, 2010",,"2100","DEPT OF THE ARMY","W6QK ACC-PICA","P","1320","AMMUNITION, OVER 125 MM","541712","RESEARCH AND DEVELOPMENT IN THE PHYSICAL, ENGINEERING, AND LIFE SCIENCES (EXCEPT BIOTECHNOLOGY)","TUCSON","AZ","857569367",,,"VTEWM5QSE598","KLW3ZYL15493","RAYTHEON COMPANY","RAYTHEON COMPANY",,
"0012","W15QKN10D0001","0","1","DO Delivery Order","$1,408,837.00","Feb 26, 2013",,"2100","DEPT OF THE ARMY","W6QK ACC-PICA","S","R425","SUPPORT- PROFESSIONAL: ENGINEERING/TECHNICAL","541330","ENGINEERING SERVICES","TUCSON","AZ","857569367",,,"VTEWM5QSE598","KLW3ZYL15493","RAYTHEON COMPANY","RAYTHEON COMPANY",,
"W15QKN07C0100",,"A00008","0","DCA Definitive Contract","-$810.00","May 8, 2008",,"2100","DEPT OF THE ARMY","W6QK ACC-PICA","P","1320","AMMUNITION, OVER 125 MM","332993","AMMUNITION (EXCEPT SMALL ARMS) MANUFACTURING","TUCSON","AZ","857069367",,,"VTEWM5QSE598","KLW3ZYL15493","RAYTHEON COMPANY","RAYTHEON COMPANY",,
"W15QKN07C0100",,"P00007","0","DCA Definitive Contract","$536,580.00","Jan 25, 2008",,"2100","DEPT OF THE ARMY","W6QK ACC-PICA","P","1320","AMMUNITION, OVER 125 MM","332993","AMMUNITION (EXCEPT SMALL ARMS) MANUFACTURING","TUCSON","AZ","857069367",,,"VTEWM5QSE598","KLW3ZYL15493","RAYTHEON COMPANY","RAYTHEON COMPANY",,
"W15QKN07C0100",,"P00008","0","DCA Definitive Contract","$2,178,328.00","Feb 21, 2008",,"2100","DEPT OF THE ARMY","W6QK ACC-PICA","P","1320","AMMUNITION, OVER 125 MM","332993","AMMUNITION (EXCEPT SMALL ARMS) MANUFACTURING","TUCSON","AZ","857069367",,,"VTEWM5QSE598","KLW3ZYL15493","RAYTHEON COMPANY","RAYTHEON COMPANY",,
"W15QKN07C0100",,"P00012","0","DCA Definitive Contract","$710,874.00","Jul 14, 2008",,"2100","DEPT OF THE ARMY","W6QK ACC-PICA","P","1320","AMMUNITION, OVER 125 MM","332993","AMMUNITION (EXCEPT SMALL ARMS) MANUFACTURING","TUCSON","AZ","857069367",,,"VTEWM5QSE598","KLW3ZYL15493","RAYTHEON COMPANY","RAYTHEON COMPANY",,
"W15QKN07C0100",,"P00014","0","DCA Definitive Contract","$833,542.00","Aug 18, 2008",,"2100","DEPT OF THE ARMY","W6QK ACC-PICA","P","1320","AMMUNITION, OVER 125 MM","332993","AMMUNITION (EXCEPT SMALL ARMS) MANUFACTURING","TUCSON","AZ","857069367",,,"VTEWM5QSE598","KLW3ZYL15493","RAYTHEON COMPANY","RAYTHEON COMPANY",,
"W15QKN07C0100",,"P00016","0","DCA Definitive Contract","$0.00","Jan 9, 2009",,"2100","DEPT OF THE ARMY","W6QK ACC-PICA","P","1320","AMMUNITION, OVER 125 MM","332993","AMMUNITION (EXCEPT SMALL ARMS) MANUFACTURING","TUCSON","AZ","857069367",,,"VTEWM5QSE598","KLW3ZYL15493","RAYTHEON COMPANY","RAYTHEON COMPANY",,
"W15QKN07C0100",,"P00023","0","DCA Definitive Contract","$6,860,206.00","Jun 12, 2009",,"2100","DEPT OF THE ARMY","W6QK ACC-PICA","P","1320","AMMUNITION, OVER 125 MM","332993","AMMUNITION (EXCEPT SMALL ARMS) MANUFACTURING","TUCSON","AZ","857069367",,,"VTEWM5QSE598","KLW3ZYL15493","RAYTHEON COMPANY","RAYTHEON COMPANY",,
"W15QKN07C0100",,"P00027","0","DCA Definitive Contract","$0.00","Aug 18, 2009",,"2100","DEPT OF THE ARMY","W6QK ACC-PICA","P","1320","AMMUNITION, OVER 125 MM","332993","AMMUNITION (EXCEPT SMALL ARMS) MANUFACTURING","TUCSON","AZ","857069367",,,"VTEWM5QSE598","KLW3ZYL15493","RAYTHEON COMPANY","RAYTHEON COMPANY",,
"W15QKN07C0100",,"P00033","0","DCA Definitive Contract","$1,675,496.00","Jan 8, 2010",,"2100","DEPT OF THE ARMY","W6QK ACC-PICA","P","1320","AMMUNITION, OVER 125 MM","332993","AMMUNITION (EXCEPT SMALL ARMS) MANUFACTURING","TUCSON","AZ","857069367",,,"VTEWM5QSE598","KLW3ZYL15493","RAYTHEON COMPANY","RAYTHEON COMPANY",,
"W15QKN08C0530",,"P00014","0","DCA Definitive Contract","$0.00","Aug 12, 2010",,"2100","DEPT OF THE ARMY","W6QK ACC-PICA","P","1320","AMMUNITION, OVER 125 MM","541712","RESEARCH AND DEVELOPMENT IN THE PHYSICAL, ENGINEERING, AND LIFE SCIENCES (EXCEPT BIOTECHNOLOGY)","TUCSON","AZ","857569367",,,"VTEWM5QSE598","KLW3ZYL15493","RAYTHEON COMPANY","RAYTHEON COMPANY",,
"W15QKN08C0530",,"P00028","0","DCA Definitive Contract","$1,618,806.00","Nov 17, 2011",,"2100","DEPT OF THE ARMY","W6QK ACC-PICA","P","1320","AMMUNITION, OVER 125MM","541712","RESEARCH AND DEVELOPMENT IN THE PHYSICAL, ENGINEERING, AND LIFE SCIENCES (EXCEPT BIOTECHNOLOGY)","TUCSON","AZ","857569367",,,"VTEWM5QSE598","KLW3ZYL15493","RAYTHEON COMPANY","RAYTHEON COMPANY",,
"W15QKN08C0530",,"P00022","0","DCA Definitive Contract","$587,176.30","Jul 28, 2011",,"2100","DEPT OF THE ARMY","W6QK ACC-PICA","P","1320","AMMUNITION, OVER 125 MM","541712","RESEARCH AND DEVELOPMENT IN THE PHYSICAL, ENGINEERING, AND LIFE SCIENCES (EXCEPT BIOTECHNOLOGY)","TUCSON","AZ","857569367",,,"VTEWM5QSE598","KLW3ZYL15493","RAYTHEON COMPANY","RAYTHEON COMPANY",,
"0007","W15QKN10D0001","6","1","DO Delivery Order","$476,127.00","Jul 13, 2011",,"2100","DEPT OF THE ARMY","W6QK ACC-PICA","S","R425","ENGINEERING AND TECHNICAL SERVICES","541330","ENGINEERING SERVICES","TUCSON","AZ","857569367",,,"VTEWM5QSE598","KLW3ZYL15493","RAYTHEON COMPANY","RAYTHEON COMPANY",,
"W15QKN07C0100",,"P00043","0","DCA Definitive Contract","$407,902.00","Oct 17, 2011",,"2100","DEPT OF THE ARMY","W6QK ACC-PICA","P","1320","AMMUNITION, OVER 125MM","332993","AMMUNITION (EXCEPT SMALL ARMS) MANUFACTURING","TUCSON","AZ","857069367",,,"VTEWM5QSE598","KLW3ZYL15493","RAYTHEON COMPANY","RAYTHEON COMPANY",,
"0003","W15QKN15D0019","0","1","DO Delivery Order","$499,663.00","Jun 22, 2016",,"2100","DEPT OF THE ARMY","W6QK ACC-PICA","S","AD14","R&D- DEFENSE OTHER: AMMUNITION (ENGINEERING DEVELOPMENT)","541330","ENGINEERING SERVICES","TUCSON","AZ","857569367",,,"VTEWM5QSE598","KLW3ZYL15493","RAYTHEON COMPANY","RAYTHEON COMPANY",,
"W15QKN08C0530",,"P00046","0","DCA Definitive Contract","$20,984,134.05","Jun 12, 2013",,"2100","DEPT OF THE ARMY","W6QK ACC-PICA","P","1320","AMMUNITION, OVER 125MM","541712","RESEARCH AND DEVELOPMENT IN THE PHYSICAL, ENGINEERING, AND LIFE SCIENCES (EXCEPT BIOTECHNOLOGY)","TUCSON","AZ","857569367",,,"VTEWM5QSE598","KLW3ZYL15493","RAYTHEON COMPANY","RAYTHEON COMPANY",,
"W15QKN08C0530",,"P00077","0","DCA Definitive Contract","$952,380.00","Jun 12, 2017",,"2100","DEPT OF THE ARMY","W6QK ACC-PICA","P","1320","AMMUNITION, OVER 125MM","541712","RESEARCH AND DEVELOPMENT IN THE PHYSICAL, ENGINEERING, AND LIFE SCIENCES (EXCEPT BIOTECHNOLOGY)","TUCSON","AZ","857569367",,,"VTEWM5QSE598","KLW3ZYL15493","RAYTHEON COMPANY","RAYTHEON COMPANY","15090",
"W15QKN07C0100",,"P00009","0","DCA Definitive Contract","$763,125.21","Mar 20, 2008",,"2100","DEPT OF THE ARMY","W6QK ACC-PICA","P","1320","AMMUNITION, OVER 125 MM","332993","AMMUNITION (EXCEPT SMALL ARMS) MANUFACTURING","TUCSON","AZ","857069367",,,"VTEWM5QSE598","KLW3ZYL15493","RAYTHEON COMPANY","RAYTHEON COMPANY",,
"W15QKN07C0100",,"P00046","0","DCA Definitive Contract","$78,815.00","Nov 15, 2011",,"2100","DEPT OF THE ARMY","W6QK ACC-PICA","P","1320","AMMUNITION, OVER 125MM","332993","AMMUNITION (EXCEPT SMALL ARMS) MANUFACTURING","TUCSON","AZ","857069367",,,"VTEWM5QSE598","KLW3ZYL15493","RAYTHEON COMPANY","RAYTHEON COMPANY",,
"W15QKN08C0530",,"P00034","0","DCA Definitive Contract","$5,110,123.00","Jun 26, 2012",,"2100","DEPT OF THE ARMY","W6QK ACC-PICA","P","1320","AMMUNITION, OVER 125MM","541712","RESEARCH AND DEVELOPMENT IN THE PHYSICAL, ENGINEERING, AND LIFE SCIENCES (EXCEPT BIOTECHNOLOGY)","TUCSON","AZ","857569367",,,"VTEWM5QSE598","KLW3ZYL15493","RAYTHEON COMPANY","RAYTHEON COMPANY",,
"W15QKN08C0530",,"P00057","0","DCA Definitive Contract","$1,669,655.00","Jul 10, 2014",,"2100","DEPT OF THE ARMY","W6QK ACC-PICA","P","1320","AMMUNITION, OVER 125MM","541712","RESEARCH AND DEVELOPMENT IN THE PHYSICAL, ENGINEERING, AND LIFE SCIENCES (EXCEPT BIOTECHNOLOGY)","TUCSON","AZ","857569367",,,"VTEWM5QSE598","KLW3ZYL15493","RAYTHEON COMPANY","RAYTHEON COMPANY",,
"W15QKN08C0530",,"P00032","0","DCA Definitive Contract","$1,723,089.00","Feb 9, 2012",,"2100","DEPT OF THE ARMY","W6QK ACC-PICA","P","1320","AMMUNITION, OVER 125MM","541712","RESEARCH AND DEVELOPMENT IN THE PHYSICAL, ENGINEERING, AND LIFE SCIENCES (EXCEPT BIOTECHNOLOGY)","TUCSON","AZ","857569367",,,"VTEWM5QSE598","KLW3ZYL15493","RAYTHEON COMPANY","RAYTHEON COMPANY",,
"W15QKN08C0530",,"P00075","0","DCA Definitive Contract","$22,490,748.00","Dec 28, 2016",,"2100","DEPT OF THE ARMY","W6QK ACC-PICA","P","1320","AMMUNITION, OVER 125MM","541712","RESEARCH AND DEVELOPMENT IN THE PHYSICAL, ENGINEERING, AND LIFE SCIENCES (EXCEPT BIOTECHNOLOGY)","TUCSON","AZ","857569367",,,"VTEWM5QSE598","KLW3ZYL15493","RAYTHEON COMPANY","RAYTHEON COMPANY",,
"W15QKN19C0017",,"P00005","1","DCA Definitive Contract","$85,734,819.20","Mar 26, 2020","Sep 21, 2017","2100","DEPT OF THE ARMY","W6QK ACC-PICA","P","1320","AMMUNITION, OVER 125MM","332993","AMMUNITION (EXCEPT SMALL ARMS) MANUFACTURING","TUCSON","AZ","857569367","NONE","NONE OF THE ABOVE","VTEWM5QSE598","KLW3ZYL15493","RAYTHEON COMPANY","RAYTHEON COMPANY","15090",
"W15QKN08C0530",,"P00021","0","DCA Definitive Contract","$17,550,917.00","Jun 16, 2011",,"2100","DEPT OF THE ARMY","W6QK ACC-PICA","P","1320","AMMUNITION, OVER 125 MM","541712","RESEARCH AND DEVELOPMENT IN THE PHYSICAL, ENGINEERING, AND LIFE SCIENCES (EXCEPT BIOTECHNOLOGY)","TUCSON","AZ","857569367",,,"VTEWM5QSE598","KLW3ZYL15493","RAYTHEON COMPANY","RAYTHEON COMPANY",,
"W15QKN08C0530",,"P00023","0","DCA Definitive Contract","$200,000.00","Sep 9, 2011",,"2100","DEPT OF THE ARMY","W6QK ACC-PICA","P","1320","AMMUNITION, OVER 125 MM","541712","RESEARCH AND DEVELOPMENT IN THE PHYSICAL, ENGINEERING, AND LIFE SCIENCES (EXCEPT BIOTECHNOLOGY)","TUCSON","AZ","857569367",,,"VTEWM5QSE598","KLW3ZYL15493","RAYTHEON COMPANY","RAYTHEON COMPANY",,
"W15QKN08C0530",,"P00067","0","DCA Definitive Contract","$31,818,801.00","Nov 24, 2015",,"2100","DEPT OF THE ARMY","W6QK ACC-PICA","P","1320","AMMUNITION, OVER 125MM","541712","RESEARCH AND DEVELOPMENT IN THE PHYSICAL, ENGINEERING, AND LIFE SCIENCES (EXCEPT BIOTECHNOLOGY)","TUCSON","AZ","857569367",,,"VTEWM5QSE598","KLW3ZYL15493","RAYTHEON COMPANY","RAYTHEON COMPANY",,
"W15QKN15D0019",,"0",0,"IDC Indefinite Delivery Contract","$0.00","Mar 27, 2015",,"2100","DEPT OF THE ARMY","W6QK ACC-PICA","S","AD14","R&D- DEFENSE OTHER: AMMUNITION (ENGINEERING DEVELOPMENT)","541330","ENGINEERING SERVICES","TUCSON","AZ","857569367",,,"VTEWM5QSE598","KLW3ZYL15493","RAYTHEON COMPANY","RAYTHEON COMPANY",,
"0008","W15QKN10D0001","5","1","DO Delivery Order","$0.00","Jul 18, 2012",,"2100","DEPT OF THE ARMY","W6QK ACC-PICA","S","R425","SUPPORT- PROFESSIONAL: ENGINEERING/TECHNICAL","541330","ENGINEERING SERVICES","TUCSON","AZ","857569367",,,"VTEWM5QSE598","KLW3ZYL15493","RAYTHEON COMPANY","RAYTHEON COMPANY",,
"W15QKN08C0530",,"P00050","0","DCA Definitive Contract","$0.00","Nov 14, 2013",,"2100","DEPT OF THE ARMY","W6QK ACC-PICA","P","1320","AMMUNITION, OVER 125MM","541712","RESEARCH AND DEVELOPMENT IN THE PHYSICAL, ENGINEERING, AND LIFE SCIENCES (EXCEPT BIOTECHNOLOGY)","TUCSON","AZ","857569367",,,"VTEWM5QSE598","KLW3ZYL15493","RAYTHEON COMPANY","RAYTHEON COMPANY",,
"0011","W15QKN10D0001","0","1","DO Delivery Order","$3,403,029.00","Mar 1, 2012",,"2100","DEPT OF THE ARMY","W6QK ACC-PICA","S","R425","SUPPORT- PROFESSIONAL: ENGINEERING/TECHNICAL","541330","ENGINEERING SERVICES","TUCSON","AZ","857569367",,,"VTEWM5QSE598","KLW3ZYL15493","RAYTHEON COMPANY","RAYTHEON COMPANY",,
"0013","W15QKN10D0001","0","1","DO Delivery Order","$3,016,000.00","Oct 9, 2013",,"2100","DEPT OF THE ARMY","W6QK ACC-PICA","S","R425","SUPPORT- PROFESSIONAL: ENGINEERING/TECHNICAL","541330","ENGINEERING SERVICES","TUCSON","AZ","857569367",,,"VTEWM5QSE598","KLW3ZYL15493","RAYTHEON COMPANY","RAYTHEON COMPANY",,
"W15QKN24F0037","W15QKN23D0036","PZ0002","1","DO Delivery Order","$3,880,105.88","Sep 27, 2024","Jan 12, 2024","2100","DEPT OF THE ARMY","W6QK ACC-PICA","S","R425","SUPPORT- PROFESSIONAL: ENGINEERING/TECHNICAL","541330","ENGINEERING SERVICES","TUCSON","AZ","857569367","NONE","NONE OF THE ABOVE","VTEWM5QSE598","EGAVSJTA2D81","RAYTHEON COMPANY","RAYTHEON COMPANY","15090",
"0002","W15QKN15D0019","0","1","DO Delivery Order","$1,862,668.00","May 18, 2015",,"2100","DEPT OF THE ARMY","W6QK ACC-PICA","S","AD14","R&D- DEFENSE OTHER: AMMUNITION (ENGINEERING DEVELOPMENT)","541330","ENGINEERING SERVICES","TUCSON","AZ","857569367",,,"VTEWM5QSE598","KLW3ZYL15493","RAYTHEON COMPANY","RAYTHEON COMPANY",,
"W15QKN08C0530",,"P00035","0","DCA Definitive Contract","$1,375,830.00","Jul 20, 2012",,"2100","DEPT OF THE ARMY","W6QK ACC-PICA","P","1320","AMMUNITION, OVER 125MM","541712","RESEARCH AND DEVELOPMENT IN THE PHYSICAL, ENGINEERING, AND LIFE SCIENCES (EXCEPT BIOTECHNOLOGY)","TUCSON","AZ","857569367",,,"VTEWM5QSE598","KLW3ZYL15493","RAYTHEON COMPANY","RAYTHEON COMPANY",,
"W15QKN07C0100",,"0","2","DCA Definitive Contract","$0.00","Apr 5, 2007",,"2100","DEPT OF THE ARMY","W6QK ACC-PICA","P","1320","AMMUNITION, OVER 125 MM","332993","AMMUNITION (EXCEPT SMALL ARMS) MANUFACTURING","TUCSON","AZ","857569367",,,"VTEWM5QSE598","KLW3ZYL15493","RAYTHEON COMPANY","RAYTHEON COMPANY",,
"0001","W15QKN15D0019","0","1","DO Delivery Order","$610,940.00","Mar 27, 2015",,"2100","DEPT OF THE ARMY","W6QK ACC-PICA","S","AD14","R&D- DEFENSE OTHER: AMMUNITION (ENGINEERING DEVELOPMENT)","541330","ENGINEERING SERVICES","TUCSON","AZ","857569367",,,"VTEWM5QSE598","KLW3ZYL15493","RAYTHEON COMPANY","RAYTHEON COMPANY",,
"W15QKN18D0002",,"0",0,"IDC Indefinite Delivery Contract","$0.00","Jan 29, 2018",,"2100","DEPT OF THE ARMY","W6QK ACC-PICA","S","R425","SUPPORT- PROFESSIONAL: ENGINEERING/TECHNICAL","541330","ENGINEERING SERVICES","TUCSON","AZ","857569367","NONE","NONE OF THE ABOVE","VTEWM5QSE598","KLW3ZYL15493","RAYTHEON COMPANY","RAYTHEON COMPANY","15090",
"0010","W15QKN10D0001","4","1","DO Delivery Order","$0.00","Aug 23, 2012",,"2100","DEPT OF THE ARMY","W6QK ACC-PICA","S","R425","SUPPORT- PROFESSIONAL: ENGINEERING/TECHNICAL","541330","ENGINEERING SERVICES","TUCSON","AZ","857569367",,,"VTEWM5QSE598","KLW3ZYL15493","RAYTHEON COMPANY","RAYTHEON COMPANY",,
"0008","W15QKN10D0001","3","1","DO Delivery Order","$0.00","May 25, 2011",,"2100","DEPT OF THE ARMY","W6QK ACC-PICA","S","R425","ENGINEERING AND TECHNICAL SERVICES","541330","ENGINEERING SERVICES","TUCSON","AZ","857569367",,,"VTEWM5QSE598","KLW3ZYL15493","RAYTHEON COMPANY","RAYTHEON COMPANY",,
"W15QKN08C0530",,"P00065","0","DCA Definitive Contract","$14,777,064.00","Mar 19, 2015",,"2100","DEPT OF THE ARMY","W6QK ACC-PICA","P","1320","AMMUNITION, OVER 125MM","541712","RESEARCH AND DEVELOPMENT IN THE PHYSICAL, ENGINEERING, AND LIFE SCIENCES (EXCEPT BIOTECHNOLOGY)","TUCSON","AZ","857569367",,,"VTEWM5QSE598","KLW3ZYL15493","RAYTHEON COMPANY","RAYTHEON COMPANY",,
"W15QKN19C0017",,"P00030","1","DCA Definitive Contract","$276,536,843.61","Aug 30, 2023","Sep 21, 2017","2100","DEPT OF THE ARMY","W6QK ACC-PICA","P","1320","AMMUNITION, OVER 125MM","332993","AMMUNITION (EXCEPT SMALL ARMS) MANUFACTURING","TUCSON","AZ","857569367","NONE","NONE OF THE ABOVE","VTEWM5QSE598","EGAVSJTA2D81","RAYTHEON COMPANY","RAYTHEON COMPANY","15090",
"0002","W15QKN18D0002","0","1","DO Delivery Order","$754,663.29","Feb 23, 2018",,"2100","DEPT OF THE ARMY","W6QK ACC-PICA","S","R425","SUPPORT- PROFESSIONAL: ENGINEERING/TECHNICAL","541330","ENGINEERING SERVICES","TUCSON","AZ","857569367","NONE","NONE OF THE ABOVE","VTEWM5QSE598","KLW3ZYL15493","RAYTHEON COMPANY","RAYTHEON COMPANY","15090",
"W15QKN19C0017",,"P00007","1","DCA Definitive Contract","$9,776,331.12","Sep 23, 2020","Sep 21, 2017","2100","DEPT OF THE ARMY","W6QK ACC-PICA","P","1320","AMMUNITION, OVER 125MM","332993","AMMUNITION (EXCEPT SMALL ARMS) MANUFACTURING","TUCSON","AZ","857569367","NONE","NONE OF THE ABOVE","VTEWM5QSE598","PPLZG8J3N9D4","RAYTHEON COMPANY","RAYTHEON COMPANY","15090",
"W15QKN19C0017",,"P00008","1","DCA Definitive Contract","$31,134,622.85","Nov 30, 2020","Sep 21, 2017","2100","DEPT OF THE ARMY","W6QK ACC-PICA","P","1320","AMMUNITION, OVER 125MM","332993","AMMUNITION (EXCEPT SMALL ARMS) MANUFACTURING","TUCSON","AZ","857569367","NONE","NONE OF THE ABOVE","VTEWM5QSE598","PPLZG8J3N9D4","RAYTHEON COMPANY","RAYTHEON COMPANY","15090",
"W15QKN08C0530",,"P00036","0","DCA Definitive Contract","$796,832.00","Sep 25, 2012",,"2100","DEPT OF THE ARMY","W6QK ACC-PICA","P","1320","AMMUNITION, OVER 125MM","541712","RESEARCH AND DEVELOPMENT IN THE PHYSICAL, ENGINEERING, AND LIFE SCIENCES (EXCEPT BIOTECHNOLOGY)","TUCSON","AZ","857569367",,,"VTEWM5QSE598","KLW3ZYL15493","RAYTHEON COMPANY","RAYTHEON COMPANY",,
"W15QKN19C0017",,"P00020","1","DCA Definitive Contract","$66,221,559.66","Jan 27, 2022","Sep 21, 2017","2100","DEPT OF THE ARMY","W6QK ACC-PICA","P","1320","AMMUNITION, OVER 125MM","332993","AMMUNITION (EXCEPT SMALL ARMS) MANUFACTURING","TUCSON","AZ","857569367","NONE","NONE OF THE ABOVE","VTEWM5QSE598","PPLZG8J3N9D4","RAYTHEON COMPANY","RAYTHEON COMPANY","15090",
"W15QKN10D0001",,"P00008",0,"IDC Indefinite Delivery Contract","$0.00","Jul 19, 2013",,"2100","DEPT OF THE ARMY","W6QK ACC-PICA","S","R425","SUPPORT- PROFESSIONAL: ENGINEERING/TECHNICAL","541330","ENGINEERING SERVICES","TUCSON","AZ","857569367",,,"VTEWM5QSE598","KLW3ZYL15493","RAYTHEON COMPANY","RAYTHEON COMPANY",,
"W15QKN07C0100",,"P00069","0","DCA Definitive Contract","$0.00","Jun 15, 2017",,"2100","DEPT OF THE ARMY","W6QK ACC-PICA","P","1320","AMMUNITION, OVER 125MM","332993","AMMUNITION (EXCEPT SMALL ARMS) MANUFACTURING","TUCSON","AZ","857069367",,,"VTEWM5QSE598","KLW3ZYL15493","RAYTHEON COMPANY","RAYTHEON COMPANY","15090",
"W15QKN07C0100",,"P00042","0","DCA Definitive Contract","$1,962,298.04","Jul 21, 2011",,"2100","DEPT OF THE ARMY","W6QK ACC-PICA","P","1320","AMMUNITION, OVER 125 MM","332993","AMMUNITION (EXCEPT SMALL ARMS) MANUFACTURING","TUCSON","AZ","857069367",,,"VTEWM5QSE598","KLW3ZYL15493","RAYTHEON COMPANY","RAYTHEON COMPANY",,
"W15QKN07C0100",,"P00048","0","DCA Definitive Contract","$0.00","Feb 16, 2012",,"2100","DEPT OF THE ARMY","W6QK ACC-PICA","P","1320","AMMUNITION, OVER 125MM","332993","AMMUNITION (EXCEPT SMALL ARMS) MANUFACTURING","TUCSON","AZ","857069367",,,"VTEWM5QSE598","KLW3ZYL15493","RAYTHEON COMPANY","RAYTHEON COMPANY",,
"0001","W15QKN18D0002","0","1","DO Delivery Order","$1,231,405.00","Jan 29, 2018",,"2100","DEPT OF THE ARMY","W6QK ACC-PICA","S","R425","SUPPORT- PROFESSIONAL: ENGINEERING/TECHNICAL","541330","ENGINEERING SERVICES","TUCSON","AZ","857569367","NONE","NONE OF THE ABOVE","VTEWM5QSE598","KLW3ZYL15493","RAYTHEON COMPANY","RAYTHEON COMPANY","15090",
"W15QKN07C0100",,"P00040","0","DCA Definitive Contract","$497,236.00","Apr 21, 2011",,"2100","DEPT OF THE ARMY","W6QK ACC-PICA","P","1320","AMMUNITION, OVER 125 MM","332993","AMMUNITION (EXCEPT SMALL ARMS) MANUFACTURING","TUCSON","AZ","857069367",,,"VTEWM5QSE598","KLW3ZYL15493","RAYTHEON COMPANY","RAYTHEON COMPANY",,
"W15QKN07C0100",,"P00054","0","DCA Definitive Contract","$1,062,313.25","Mar 13, 2013",,"2100","DEPT OF THE ARMY","W6QK ACC-PICA","P","1320","AMMUNITION, OVER 125MM","332993","AMMUNITION (EXCEPT SMALL ARMS) MANUFACTURING","TUCSON","AZ","857069367",,,"VTEWM5QSE598","KLW3ZYL15493","RAYTHEON COMPANY","RAYTHEON COMPANY",,
"W15QKN08C0530",,"P00025","0","DCA Definitive Contract","$538,000.00","Oct 14, 2011",,"2100","DEPT OF THE ARMY","W6QK ACC-PICA","P","1320","AMMUNITION, OVER 125MM","541712","RESEARCH AND DEVELOPMENT IN THE PHYSICAL, ENGINEERING, AND LIFE SCIENCES (EXCEPT BIOTECHNOLOGY)","TUCSON","AZ","857569367",,,"VTEWM5QSE598","KLW3ZYL15493","RAYTHEON COMPANY","RAYTHEON COMPANY",,
"0004","W15QKN15D0019","0","1","DO Delivery Order","$6,160,277.00","Oct 14, 2016",,"2100","DEPT OF THE ARMY","W6QK ACC-PICA","S","AD14","R&D- DEFENSE OTHER: AMMUNITION (ENGINEERING DEVELOPMENT)","541330","ENGINEERING SERVICES","TUCSON","AZ","857569367",,,"VTEWM5QSE598","KLW3ZYL15493","RAYTHEON COMPANY","RAYTHEON COMPANY",,
"W15QKN07C0100",,"P00062","0","DCA Definitive Contract","$0.00","Apr 30, 2014",,"2100","DEPT OF THE ARMY","W6QK ACC-PICA","P","1320","AMMUNITION, OVER 125MM","332993","AMMUNITION (EXCEPT SMALL ARMS) MANUFACTURING","TUCSON","AZ","857069367",,,"VTEWM5QSE598","KLW3ZYL15493","RAYTHEON COMPANY","RAYTHEON COMPANY",,
"0007","W15QKN15D0019","0","2","DO Delivery Order","$381,607.00","Mar 16, 2018",,"2100","DEPT OF THE ARMY","W6QK ACC-PICA","S","AD14","R&D- DEFENSE OTHER: AMMUNITION (ENGINEERING DEVELOPMENT)","541330","ENGINEERING SERVICES","TUCSON","AZ","857569367","NONE","NONE OF THE ABOVE","VTEWM5QSE598","KLW3ZYL15493","RAYTHEON COMPANY","RAYTHEON COMPANY","15090",
"W15QKN07C0100",,"P00059","0","DCA Definitive Contract","$0.00","Nov 22, 2013",,"2100","DEPT OF THE ARMY","W6QK ACC-PICA","P","1320","AMMUNITION, OVER 125MM","332993","AMMUNITION (EXCEPT SMALL ARMS) MANUFACTURING","TUCSON","AZ","857069367",,,"VTEWM5QSE598","KLW3ZYL15493","RAYTHEON COMPANY","RAYTHEON COMPANY",,
"W15QKN08C0530",,"P00031","0","DCA Definitive Contract","$0.00","Feb 3, 2012",,"2100","DEPT OF THE ARMY","W6QK ACC-PICA","P","1320","AMMUNITION, OVER 125MM","541712","RESEARCH AND DEVELOPMENT IN THE PHYSICAL, ENGINEERING, AND LIFE SCIENCES (EXCEPT BIOTECHNOLOGY)","TUCSON","AZ","857569367",,,"VTEWM5QSE598","KLW3ZYL15493","RAYTHEON COMPANY","RAYTHEON COMPANY",,
"0002","W15QKN10D0001","2","0","DO Delivery Order","$200,715.00","Nov 3, 2011",,"2100","DEPT OF THE ARMY","W6QK ACC-PICA","S","R425","SUPPORT- PROFESSIONAL: ENGINEERING/TECHNICAL","541330","ENGINEERING SERVICES","TUCSON","AZ","857569367",,,"VTEWM5QSE598","KLW3ZYL15493","RAYTHEON COMPANY","RAYTHEON COMPANY",,
"0004","W15QKN15D0019","1","1","DO Delivery Order","$3,544,581.00","Jan 26, 2017",,"2100","DEPT OF THE ARMY","W6QK ACC-PICA","S","AD14","R&D- DEFENSE OTHER: AMMUNITION (ENGINEERING DEVELOPMENT)","541330","ENGINEERING SERVICES","TUCSON","AZ","857569367",,,"VTEWM5QSE598","KLW3ZYL15493","RAYTHEON COMPANY","RAYTHEON COMPANY",,
"0004","W15P7T09DN005","7","1","DO Delivery Order","$3,731,200.00","Sep 20, 2012",,"2100","DEPT OF THE ARMY","W6QK ACC-APG","S","R425","SUPPORT- PROFESSIONAL: ENGINEERING/TECHNICAL","541511","CUSTOM COMPUTER PROGRAMMING SERVICES","FORT WAYNE","IN","468084106",,,"GJJCW7W8HCF5","KLW3ZYL15493","RAYTHEON COMPANY","RAYTHEON COMPANY",,
"0006","W15QKN15D0019","0","1","DO Delivery Order","$1,552,165.00","Mar 27, 2017",,"2100","DEPT OF THE ARMY","W6QK ACC-PICA","S","AD14","R&D- DEFENSE OTHER: AMMUNITION (ENGINEERING DEVELOPMENT)","541330","ENGINEERING SERVICES","TUCSON","AZ","857569367",,,"VTEWM5QSE598","KLW3ZYL15493","RAYTHEON COMPANY","RAYTHEON COMPANY","15090",
"0007","W15QKN15D0019","0","1","DO Delivery Order","$77,393.02","Mar 16, 2018",,"2100","DEPT OF THE ARMY","W6QK ACC-PICA","S","AD14","R&D- DEFENSE OTHER: AMMUNITION (ENGINEERING DEVELOPMENT)","541330","ENGINEERING SERVICES","TUCSON","AZ","857569367","NONE","NONE OF THE ABOVE","VTEWM5QSE598","KLW3ZYL15493","RAYTHEON COMPANY","RAYTHEON COMPANY","15090",
"W15QKN07C0100",,"P00054","2","DCA Definitive Contract","$35,493.00","Mar 13, 2013",,"2100","DEPT OF THE ARMY","W6QK ACC-PICA","P","1320","AMMUNITION, OVER 125MM","332993","AMMUNITION (EXCEPT SMALL ARMS) MANUFACTURING","TUCSON","AZ","857569367",,,"VTEWM5QSE598","KLW3ZYL15493","RAYTHEON COMPANY","RAYTHEON COMPANY",,
"W15QKN08C0530",,"P00024","0","DCA Definitive Contract","$0.00","Sep 28, 2011",,"2100","DEPT OF THE ARMY","W6QK ACC-PICA","P","1320","AMMUNITION, OVER 125 MM","541712","RESEARCH AND DEVELOPMENT IN THE PHYSICAL, ENGINEERING, AND LIFE SCIENCES (EXCEPT BIOTECHNOLOGY)","TUCSON","AZ","857569367",,,"VTEWM5QSE598","KLW3ZYL15493","RAYTHEON COMPANY","RAYTHEON COMPANY",,
"W15QKN21F0032","W15QKN18D0002","0","1","DO Delivery Order","$1.00","Dec 15, 2020",,"2100","DEPT OF THE ARMY","W6QK ACC-PICA","S","R425","SUPPORT- PROFESSIONAL: ENGINEERING/TECHNICAL","541330","ENGINEERING SERVICES","TUCSON","AZ","857569367","NONE","NONE OF THE ABOVE","VTEWM5QSE598","PPLZG8J3N9D4","RAYTHEON COMPANY","RAYTHEON COMPANY","15090",
"W15QKN07C0100",,"P00061","0","DCA Definitive Contract","$0.00","Mar 27, 2014",,"2100","DEPT OF THE ARMY","W6QK ACC-PICA","P","1320","AMMUNITION, OVER 125MM","332993","AMMUNITION (EXCEPT SMALL ARMS) MANUFACTURING","TUCSON","AZ","857069367",,,"VTEWM5QSE598","KLW3ZYL15493","RAYTHEON COMPANY","RAYTHEON COMPANY",,
"W15QKN08C0530",,"P00047","0","DCA Definitive Contract","$54,050,042.25","Aug 26, 2013",,"2100","DEPT OF THE ARMY","W6QK ACC-PICA","P","1320","AMMUNITION, OVER 125MM","541712","RESEARCH AND DEVELOPMENT IN THE PHYSICAL, ENGINEERING, AND LIFE SCIENCES (EXCEPT BIOTECHNOLOGY)","TUCSON","AZ","857569367",,,"VTEWM5QSE598","KLW3ZYL15493","RAYTHEON COMPANY","RAYTHEON COMPANY",,
"W15QKN08C0530",,"P00049","0","DCA Definitive Contract","$175,477.00","Nov 5, 2013",,"2100","DEPT OF THE ARMY","W6QK ACC-PICA","P","1320","AMMUNITION, OVER 125MM","541712","RESEARCH AND DEVELOPMENT IN THE PHYSICAL, ENGINEERING, AND LIFE SCIENCES (EXCEPT BIOTECHNOLOGY)","TUCSON","AZ","857569367",,,"VTEWM5QSE598","KLW3ZYL15493","RAYTHEON COMPANY","RAYTHEON COMPANY",,
"W15QKN20F0176","W15QKN18D0002","0","1","DO Delivery Order","$2,443,721.00","Apr 30, 2020","Feb 10, 2020","2100","DEPT OF THE ARMY","W6QK ACC-PICA","S","R425","SUPPORT- PROFESSIONAL: ENGINEERING/TECHNICAL","541330","ENGINEERING SERVICES","TUCSON","AZ","857569367","NONE","NONE OF THE ABOVE","VTEWM5QSE598","KLW3ZYL15493","RAYTHEON COMPANY","RAYTHEON COMPANY","15090",
"W15QKN20F0176","W15QKN18D0002","P00002","1","DO Delivery Order","$248,877.00","Aug 13, 2020","Feb 10, 2020","2100","DEPT OF THE ARMY","W6QK ACC-PICA","S","R425","SUPPORT- PROFESSIONAL: ENGINEERING/TECHNICAL","541330","ENGINEERING SERVICES","TUCSON","AZ","857569367","NONE","NONE OF THE ABOVE","VTEWM5QSE598","PPLZG8J3N9D4","RAYTHEON COMPANY","RAYTHEON COMPANY","15090",
"W15QKN08C0530",,"P00058","0","DCA Definitive Contract","$2,561,047.00","Aug 20, 2014",,"2100","DEPT OF THE ARMY","W6QK ACC-PICA","P","1320","AMMUNITION, OVER 125MM","541712","RESEARCH AND DEVELOPMENT IN THE PHYSICAL, ENGINEERING, AND LIFE SCIENCES (EXCEPT BIOTECHNOLOGY)","TUCSON","AZ","857569367",,,"VTEWM5QSE598","KLW3ZYL15493","RAYTHEON COMPANY","RAYTHEON COMPANY",,
"DAAE3098C1032",,"P00103","0","DCA Definitive Contract","$30,000,000.00","Nov 3, 2004",,"2100","DEPT OF THE ARMY","W6QK ACC-PICA","S","AC55","WEAPONS (OPERATIONAL)",,,"LEWISVILLE","TX","750670000",,,"JPJCZUSL7KQ1","JPJCZUSL7KQ1","RAYTHEON COMPANY","RAYTHEON TI SYSTEMS INC",,
"DAAE3098C1032",,"P00106","0","DCA Definitive Contract","$4,531,000.00","Dec 3, 2004",,"2100","DEPT OF THE ARMY","W6QK ACC-PICA","S","AC55","WEAPONS (OPERATIONAL)",,,"LEWISVILLE","TX","750670000",,,"JPJCZUSL7KQ1","JPJCZUSL7KQ1","RAYTHEON COMPANY","RAYTHEON TI SYSTEMS INC",,
"DAAE3098C1032",,"P00108","0","DCA Definitive Contract","$833,886.00","Dec 22, 2004",,"2100","DEPT OF THE ARMY","W6QK ACC-PICA","S","AC55","WEAPONS (OPERATIONAL)",,,"LEWISVILLE","TX","750670000",,,"JPJCZUSL7KQ1","JPJCZUSL7KQ1","RAYTHEON COMPANY","RAYTHEON TI SYSTEMS INC",,
"DAAE3098C1032",,"P00112","0","DCA Definitive Contract","$6,991.00","Mar 11, 2005",,"2100","DEPT OF THE ARMY","W6QK ACC-PICA","S","AC55","WEAPONS (OPERATIONAL)",,,"LEWISVILLE","TX","750670000",,,"JPJCZUSL7KQ1","JPJCZUSL7KQ1","RAYTHEON COMPANY","RAYTHEON TI SYSTEMS INC",,
"DAAE3098C1032",,"P00114","0","DCA Definitive Contract","$83,189.00","Apr 29, 2005",,"2100","DEPT OF THE ARMY","W6QK ACC-PICA","S","AC55","WEAPONS (OPERATIONAL)",,,"LEWISVILLE","TX","750670000",,,"JPJCZUSL7KQ1","JPJCZUSL7KQ1","RAYTHEON COMPANY","RAYTHEON TI SYSTEMS INC",,
"DAAE3098C1032",,"P00119","0","DCA Definitive Contract","$77,528.00","Jul 5, 2005",,"2100","DEPT OF THE ARMY","W6QK ACC-PICA","S","AC55","WEAPONS (OPERATIONAL)",,,"LEWISVILLE","TX","750670000",,,"JPJCZUSL7KQ1","JPJCZUSL7KQ1","RAYTHEON COMPANY","RAYTHEON TI SYSTEMS INC",,
"DAAE3098C1032",,"P00126","0","DCA Definitive Contract","$5,544.00","Nov 1, 2005",,"2100","DEPT OF THE ARMY","W6QK ACC-PICA","S","AC55","WEAPONS (OPERATIONAL)",,,"LEWISVILLE","TX","750670000",,,"JPJCZUSL7KQ1","JPJCZUSL7KQ1","RAYTHEON COMPANY","RAYTHEON TI SYSTEMS INC",,
"DAAE3098C1032",,"P00134","0","DCA Definitive Contract","$2,500,000.00","Feb 8, 2006",,"2100","DEPT OF THE ARMY","W6QK ACC-PICA","S","AC55","WEAPONS (OPERATIONAL)",,,"LEWISVILLE","TX","750670000",,,"JPJCZUSL7KQ1","JPJCZUSL7KQ1","RAYTHEON COMPANY","RAYTHEON TI SYSTEMS INC",,
"DAAE3098C1032",,"P00127","0","DCA Definitive Contract","$5,000,000.00","Nov 1, 2005",,"2100","DEPT OF THE ARMY","W6QK ACC-PICA","S","AC55","WEAPONS (OPERATIONAL)",,,"LEWISVILLE","TX","750670000",,,"JPJCZUSL7KQ1","JPJCZUSL7KQ1","RAYTHEON COMPANY","RAYTHEON TI SYSTEMS INC",,
"DAAE3098C1032",,"P00129","0","DCA Definitive Contract","$3,229,837.00","Dec 5, 2005",,"2100","DEPT OF THE ARMY","W6QK ACC-PICA","S","AC55","WEAPONS (OPERATIONAL)",,,"LEWISVILLE","TX","750670000",,,"JPJCZUSL7KQ1","JPJCZUSL7KQ1","RAYTHEON COMPANY","RAYTHEON TI SYSTEMS INC",,
"DAAE3098C1032",,"P00130","0","DCA Definitive Contract","$5,000,000.00","Dec 8, 2005",,"2100","DEPT OF THE ARMY","W6QK ACC-PICA","S","AC55","WEAPONS (OPERATIONAL)",,,"LEWISVILLE","TX","750670000",,,"JPJCZUSL7KQ1","JPJCZUSL7KQ1","RAYTHEON COMPANY","RAYTHEON TI SYSTEMS INC",,
"DAAE3098C1032",,"P00138","0","DCA Definitive Contract","$16,418,000.00","Apr 27, 2006",,"2100","DEPT OF THE ARMY","W6QK ACC-PICA","S","AC55","WEAPONS (OPERATIONAL)",,,"LEWISVILLE","TX","750670000",,,"JPJCZUSL7KQ1","JPJCZUSL7KQ1","RAYTHEON COMPANY","RAYTHEON TI SYSTEMS INC",,
"DAAE3098C1032",,"P00140","0","DCA Definitive Contract","$332,810.00","May 25, 2006",,"2100","DEPT OF THE ARMY","W6QK ACC-PICA","S","AC55","WEAPONS (OPERATIONAL)",,,"LEWISVILLE","TX","750670000",,,"JPJCZUSL7KQ1","JPJCZUSL7KQ1","RAYTHEON COMPANY","RAYTHEON TI SYSTEMS INC",,
"W15QKN08C0530",,"P00037","0","DCA Definitive Contract","$71,509.00","Sep 26, 2012",,"2100","DEPT OF THE ARMY","W6QK ACC-PICA","P","1320","AMMUNITION, OVER 125MM","541712","RESEARCH AND DEVELOPMENT IN THE PHYSICAL, ENGINEERING, AND LIFE SCIENCES (EXCEPT BIOTECHNOLOGY)","TUCSON","AZ","857569367",,,"VTEWM5QSE598","KLW3ZYL15493","RAYTHEON COMPANY","RAYTHEON COMPANY",,
"DAAE3098C1032",,"P00105","0","DCA Definitive Contract","$187,652.00","Nov 12, 2004",,"2100","DEPT OF THE ARMY","W6QK ACC-PICA","S","AC55","WEAPONS (OPERATIONAL)",,,"LEWISVILLE","TX","750670000",,,"JPJCZUSL7KQ1","JPJCZUSL7KQ1","RAYTHEON COMPANY","RAYTHEON TI SYSTEMS INC",,
"DAAE3098C1032",,"P00110","0","DCA Definitive Contract","$20,000,000.00","Jan 26, 2005",,"2100","DEPT OF THE ARMY","W6QK ACC-PICA","S","AC55","WEAPONS (OPERATIONAL)",,,"LEWISVILLE","TX","750670000",,,"JPJCZUSL7KQ1","JPJCZUSL7KQ1","RAYTHEON COMPANY","RAYTHEON TI SYSTEMS INC",,
"DAAE3098C1032",,"P00113","0","DCA Definitive Contract","$657,122.00","Apr 14, 2005",,"2100","DEPT OF THE ARMY","W6QK ACC-PICA","S","AC55","WEAPONS (OPERATIONAL)",,,"LEWISVILLE","TX","750670000",,,"JPJCZUSL7KQ1","JPJCZUSL7KQ1","RAYTHEON COMPANY","RAYTHEON TI SYSTEMS INC",,
"DAAE3098C1032",,"P00118","0","DCA Definitive Contract","$22,090,055.00","Jun 21, 2005",,"2100","DEPT OF THE ARMY","W6QK ACC-PICA","S","AC55","WEAPONS (OPERATIONAL)",,,"LEWISVILLE","TX","750670000",,,"JPJCZUSL7KQ1","JPJCZUSL7KQ1","RAYTHEON COMPANY","RAYTHEON TI SYSTEMS INC",,
"DAAE3098C1032",,"P00128","0","DCA Definitive Contract","$3,200,000.00","Nov 14, 2005",,"2100","DEPT OF THE ARMY","W6QK ACC-PICA","S","AC55","WEAPONS (OPERATIONAL)",,,"LEWISVILLE","TX","750670000",,,"JPJCZUSL7KQ1","JPJCZUSL7KQ1","RAYTHEON COMPANY","RAYTHEON TI SYSTEMS INC",,
"DAAE3098C1032",,"P00131","0","DCA Definitive Contract","$3,500,000.00","Dec 22, 2005",,"2100","DEPT OF THE ARMY","W6QK ACC-PICA","S","AC55","WEAPONS (OPERATIONAL)",,,"LEWISVILLE","TX","750670000",,,"JPJCZUSL7KQ1","JPJCZUSL7KQ1","RAYTHEON COMPANY","RAYTHEON TI SYSTEMS INC",,
"DAAE3098C1032",,"P00135","0","DCA Definitive Contract","$2,500,000.00","Feb 14, 2006",,"2100","DEPT OF THE ARMY","W6QK ACC-PICA","S","AC55","WEAPONS (OPERATIONAL)",,,"LEWISVILLE","TX","750670000",,,"JPJCZUSL7KQ1","JPJCZUSL7KQ1","RAYTHEON COMPANY","RAYTHEON TI SYSTEMS INC",,
"DAAE3098C1032",,"P00107","0","DCA Definitive Contract","$2,613,655.00","Dec 6, 2004",,"2100","DEPT OF THE ARMY","W6QK ACC-PICA","S","AC55","WEAPONS (OPERATIONAL)",,,"LEWISVILLE","TX","750670000",,,"JPJCZUSL7KQ1","JPJCZUSL7KQ1","RAYTHEON COMPANY","RAYTHEON TI SYSTEMS INC",,
"DAAE3098C1032",,"P00123","0","DCA Definitive Contract","$121,728.00","Sep 23, 2005",,"2100","DEPT OF THE ARMY","W6QK ACC-PICA","S","AC55","WEAPONS (OPERATIONAL)",,,"LEWISVILLE","TX","750670000",,,"JPJCZUSL7KQ1","JPJCZUSL7KQ1","RAYTHEON COMPANY","RAYTHEON TI SYSTEMS INC",,
"DAAE3098C1032",,"P00139","0","DCA Definitive Contract","$50,026.00","May 5, 2006",,"2100","DEPT OF THE ARMY","W6QK ACC-PICA","S","AC55","WEAPONS (OPERATIONAL)",,,"LEWISVILLE","TX","750670000",,,"JPJCZUSL7KQ1","JPJCZUSL7KQ1","RAYTHEON COMPANY","RAYTHEON TI SYSTEMS INC",,
"DAAE3098C1032",,"P00109","0","DCA Definitive Contract","-$505,548.00","Jan 25, 2005",,"2100","DEPT OF THE ARMY","W6QK ACC-PICA","S","AC55","WEAPONS (OPERATIONAL)",,,"LEWISVILLE","TX","750670000",,,"JPJCZUSL7KQ1","JPJCZUSL7KQ1","RAYTHEON COMPANY","RAYTHEON TI SYSTEMS INC",,
"DAAE3098C1032",,"P00115","0","DCA Definitive Contract","$12,374,000.00","May 3, 2005",,"2100","DEPT OF THE ARMY","W6QK ACC-PICA","S","AC55","WEAPONS (OPERATIONAL)",,,"LEWISVILLE","TX","750670000",,,"JPJCZUSL7KQ1","JPJCZUSL7KQ1","RAYTHEON COMPANY","RAYTHEON TI SYSTEMS INC",,
"DAAE3098C1032",,"P00122","0","DCA Definitive Contract","$26,689.00","Sep 7, 2005",,"2100","DEPT OF THE ARMY","W6QK ACC-PICA","S","AC55","WEAPONS (OPERATIONAL)",,,"LEWISVILLE","TX","750670000",,,"JPJCZUSL7KQ1","JPJCZUSL7KQ1","RAYTHEON COMPANY","RAYTHEON TI SYSTEMS INC",,
"DAAE3098C1032",,"P00125","0","DCA Definitive Contract","$8,000,000.00","Oct 24, 2005",,"2100","DEPT OF THE ARMY","W6QK ACC-PICA","S","AC55","WEAPONS (OPERATIONAL)",,,"LEWISVILLE","TX","750670000",,,"JPJCZUSL7KQ1","JPJCZUSL7KQ1","RAYTHEON COMPANY","RAYTHEON TI SYSTEMS INC",,
"DAAE3098C1032",,"P00132","0","DCA Definitive Contract","$6,500,000.00","Jan 24, 2006",,"2100","DEPT OF THE ARMY","W6QK ACC-PICA","S","AC55","WEAPONS (OPERATIONAL)",,,"LEWISVILLE","TX","750670000",,,"JPJCZUSL7KQ1","JPJCZUSL7KQ1","RAYTHEON COMPANY","RAYTHEON TI SYSTEMS INC",,
"DAAE3098C1032",,"P00133","0","DCA Definitive Contract","$3,500,000.00","Feb 1, 2006",,"2100","DEPT OF THE ARMY","W6QK ACC-PICA","S","AC55","WEAPONS (OPERATIONAL)",,,"LEWISVILLE","TX","750670000",,,"JPJCZUSL7KQ1","JPJCZUSL7KQ1","RAYTHEON COMPANY","RAYTHEON TI SYSTEMS INC",,
"DAAE3098C1032",,"P00136","0","DCA Definitive Contract","$6,200,000.00","Mar 2, 2006",,"2100","DEPT OF THE ARMY","W6QK ACC-PICA","S","AC55","WEAPONS (OPERATIONAL)",,,"LEWISVILLE","TX","750670000",,,"JPJCZUSL7KQ1","JPJCZUSL7KQ1","RAYTHEON COMPANY","RAYTHEON TI SYSTEMS INC",,
"W15QKN08C0530",,"P00068","0","DCA Definitive Contract","$5,612,736.00","Mar 31, 2016",,"2100","DEPT OF THE ARMY","W6QK ACC-PICA","P","1320","AMMUNITION, OVER 125MM","541712","RESEARCH AND DEVELOPMENT IN THE PHYSICAL, ENGINEERING, AND LIFE SCIENCES (EXCEPT BIOTECHNOLOGY)","TUCSON","AZ","857569367",,,"VTEWM5QSE598","KLW3ZYL15493","RAYTHEON COMPANY","RAYTHEON COMPANY",,
"W15QKN08C0530",,"P00076","0","DCA Definitive Contract","-$23,479.62","Mar 8, 2017",,"2100","DEPT OF THE ARMY","W6QK ACC-PICA","P","1320","AMMUNITION, OVER 125MM","541712","RESEARCH AND DEVELOPMENT IN THE PHYSICAL, ENGINEERING, AND LIFE SCIENCES (EXCEPT BIOTECHNOLOGY)","TUCSON","AZ","857569367",,,"VTEWM5QSE598","KLW3ZYL15493","RAYTHEON COMPANY","RAYTHEON COMPANY","15090",
"W15QKN19C0017",,"P00012","2","DCA Definitive Contract","$20,309,493.15","Jun 15, 2021","Sep 21, 2017","2100","DEPT OF THE ARMY","W6QK ACC-PICA","P","1320","AMMUNITION, OVER 125MM","332993","AMMUNITION (EXCEPT SMALL ARMS) MANUFACTURING","TUCSON","AZ","857569367","NONE","NONE OF THE ABOVE","VTEWM5QSE598","PPLZG8J3N9D4","RAYTHEON TECHNOLOGIES CORPORATION","RAYTHEON COMPANY","15090",
"0001","W15QKN18D0002","3","1","DO Delivery Order","$1,411,650.00","Jun 8, 2020",,"2100","DEPT OF THE ARMY","W6QK ACC-PICA","S","R425","SUPPORT- PROFESSIONAL: ENGINEERING/TECHNICAL","541330","ENGINEERING SERVICES","TUCSON","AZ","857569367","NONE","NONE OF THE ABOVE","VTEWM5QSE598","PPLZG8J3N9D4","RAYTHEON COMPANY","RAYTHEON COMPANY","15090",
"W15QKN19C0017",,"P00013","1","DCA Definitive Contract","$0.00","Jun 15, 2021","Sep 21, 2017","2100","DEPT OF THE ARMY","W6QK ACC-PICA","P","1320","AMMUNITION, OVER 125MM","332993","AMMUNITION (EXCEPT SMALL ARMS) MANUFACTURING","TUCSON","AZ","857569367","NONE","NONE OF THE ABOVE","VTEWM5QSE598","PPLZG8J3N9D4","RAYTHEON TECHNOLOGIES CORPORATION","RAYTHEON COMPANY","15090",
"W15QKN08C0530",,"P00056","0","DCA Definitive Contract","$51,787,884.00","Jun 27, 2014",,"2100","DEPT OF THE ARMY","W6QK ACC-PICA","P","1320","AMMUNITION, OVER 125MM","541712","RESEARCH AND DEVELOPMENT IN THE PHYSICAL, ENGINEERING, AND LIFE SCIENCES (EXCEPT BIOTECHNOLOGY)","TUCSON","AZ","857569367",,,"VTEWM5QSE598","KLW3ZYL15493","RAYTHEON COMPANY","RAYTHEON COMPANY",,
"W15QKN19C0017",,"P00009","1","DCA Definitive Contract","$53,861,438.65","Feb 10, 2021","Sep 21, 2017","2100","DEPT OF THE ARMY","W6QK ACC-PICA","P","1320","AMMUNITION, OVER 125MM","332993","AMMUNITION (EXCEPT SMALL ARMS) MANUFACTURING","TUCSON","AZ","857569367","NONE","NONE OF THE ABOVE","VTEWM5QSE598","PPLZG8J3N9D4","RAYTHEON TECHNOLOGIES CORPORATION","RAYTHEON COMPANY","15090",
"W15QKN19C0017",,"P00011","2","DCA Definitive Contract","$9,145,220.26","Jun 15, 2021","Sep 21, 2017","2100","DEPT OF THE ARMY","W6QK ACC-PICA","P","1320","AMMUNITION, OVER 125MM","332993","AMMUNITION (EXCEPT SMALL ARMS) MANUFACTURING","TUCSON","AZ","857569367","NONE","NONE OF THE ABOVE","VTEWM5QSE598","PPLZG8J3N9D4","RAYTHEON TECHNOLOGIES CORPORATION","RAYTHEON COMPANY","15090",
"W15QKN08C0530",,"P00053","0","DCA Definitive Contract","$429,890.00","Jan 23, 2014",,"2100","DEPT OF THE ARMY","W6QK ACC-PICA","P","1320","AMMUNITION, OVER 125MM","541712","RESEARCH AND DEVELOPMENT IN THE PHYSICAL, ENGINEERING, AND LIFE SCIENCES (EXCEPT BIOTECHNOLOGY)","TUCSON","AZ","857569367",,,"VTEWM5QSE598","KLW3ZYL15493","RAYTHEON COMPANY","RAYTHEON COMPANY",,
"W15QKN19C0017",,"P00018","1","DCA Definitive Contract","$0.00","Nov 30, 2021","Sep 21, 2017","2100","DEPT OF THE ARMY","W6QK ACC-PICA","P","1320","AMMUNITION, OVER 125MM","332993","AMMUNITION (EXCEPT SMALL ARMS) MANUFACTURING","TUCSON","AZ","857569367","NONE","NONE OF THE ABOVE","VTEWM5QSE598","PPLZG8J3N9D4","RAYTHEON COMPANY","RAYTHEON COMPANY","15090",
"W15QKN19C0017",,"P00016","1","DCA Definitive Contract","$0.00","Nov 15, 2021","Sep 21, 2017","2100","DEPT OF THE ARMY","W6QK ACC-PICA","P","1320","AMMUNITION, OVER 125MM","332993","AMMUNITION (EXCEPT SMALL ARMS) MANUFACTURING","TUCSON","AZ","857569367","NONE","NONE OF THE ABOVE","VTEWM5QSE598","PPLZG8J3N9D4","RAYTHEON COMPANY","RAYTHEON COMPANY","15090",
"W15QKN23D0036",,"0",0,"IDC Indefinite Delivery Contract","$0.00","Aug 2, 2023","Mar 29, 2023","2100","DEPT OF THE ARMY","W6QK ACC-PICA","S","R425","SUPPORT- PROFESSIONAL: ENGINEERING/TECHNICAL","541330","ENGINEERING SERVICES","TUCSON","AZ","857569367","NONE","NONE OF THE ABOVE","VTEWM5QSE598","PPLZG8J3N9D4","RAYTHEON COMPANY","RAYTHEON COMPANY","15090",
"W15QKN08C0530",,"P00097","0","DCA Definitive Contract","$0.00","Oct 19, 2021",,"2100","DEPT OF THE ARMY","W6QK ACC-PICA","P","1320","AMMUNITION, OVER 125MM","541712","RESEARCH AND DEVELOPMENT IN THE PHYSICAL, ENGINEERING, AND LIFE SCIENCES (EXCEPT BIOTECHNOLOGY)","TUCSON","AZ","857569367",,,"VTEWM5QSE598","PPLZG8J3N9D4","RAYTHEON COMPANY","RAYTHEON COMPANY","15090",
"W15QKN19C0017",,"P00018","2","DCA Definitive Contract","$1,559,807.09","Nov 30, 2021","Sep 21, 2017","2100","DEPT OF THE ARMY","W6QK ACC-PICA","P","1320","AMMUNITION, OVER 125MM","332993","AMMUNITION (EXCEPT SMALL ARMS) MANUFACTURING","TUCSON","AZ","857569367","NONE","NONE OF THE ABOVE","VTEWM5QSE598","PPLZG8J3N9D4","RAYTHEON COMPANY","RAYTHEON COMPANY","15090",
"W15QKN22F0342","W15QKN18D0002","0","1","DO Delivery Order","$1,246,341.00","Sep 14, 2022","Jun 6, 2022","2100","DEPT OF THE ARMY","W6QK ACC-PICA","S","R425","SUPPORT- PROFESSIONAL: ENGINEERING/TECHNICAL","541330","ENGINEERING SERVICES","TUCSON","AZ","857569367","NONE","NONE OF THE ABOVE","VTEWM5QSE598","PPLZG8J3N9D4","RAYTHEON COMPANY","RAYTHEON COMPANY","15090",
"W15QKN19C0017",,"P00027","1","DCA Definitive Contract","$207,545,669.72","Feb 28, 2023","Sep 21, 2017","2100","DEPT OF THE ARMY","W6QK ACC-PICA","P","1320","AMMUNITION, OVER 125MM","332993","AMMUNITION (EXCEPT SMALL ARMS) MANUFACTURING","TUCSON","AZ","857569367","NONE","NONE OF THE ABOVE","VTEWM5QSE598","PPLZG8J3N9D4","RAYTHEON COMPANY","RAYTHEON COMPANY","15090",
"W15QKN21F0100","W15QKN18D0002","0","1","DO Delivery Order","$2,848,992.00","May 11, 2021","Jun 24, 2019","2100","DEPT OF THE ARMY","W6QK ACC-PICA","S","R425","SUPPORT- PROFESSIONAL: ENGINEERING/TECHNICAL","541330","ENGINEERING SERVICES","TUCSON","AZ","857569367","NONE","NONE OF THE ABOVE","VTEWM5QSE598","PPLZG8J3N9D4","RAYTHEON TECHNOLOGIES CORPORATION","RAYTHEON COMPANY","15090",
"W15QKN22F0005","W15QKN18D0002","0","1","DO Delivery Order","$6,076,004.00","May 24, 2022","Nov 18, 2021","2100","DEPT OF THE ARMY","W6QK ACC-PICA","S","R425","SUPPORT- PROFESSIONAL: ENGINEERING/TECHNICAL","541330","ENGINEERING SERVICES","TUCSON","AZ","857569367","NONE","NONE OF THE ABOVE","VTEWM5QSE598","PPLZG8J3N9D4","RAYTHEON COMPANY","RAYTHEON COMPANY","15090",
"W15QKN22F0031","W15QKN18D0002","0","1","DO Delivery Order","$675,038.00","May 12, 2022","Nov 18, 2021","2100","DEPT OF THE ARMY","W6QK ACC-PICA","S","R425","SUPPORT- PROFESSIONAL: ENGINEERING/TECHNICAL","541330","ENGINEERING SERVICES","TUCSON","AZ","857569367","NONE","NONE OF THE ABOVE","VTEWM5QSE598","PPLZG8J3N9D4","RAYTHEON COMPANY","RAYTHEON COMPANY","15090",
"W15QKN19C0017",,"P00025","1","DCA Definitive Contract","$84,087,924.20","Nov 29, 2022","Sep 21, 2017","2100","DEPT OF THE ARMY","W6QK ACC-PICA","P","1320","AMMUNITION, OVER 125MM","332993","AMMUNITION (EXCEPT SMALL ARMS) MANUFACTURING","TUCSON","AZ","857569367","NONE","NONE OF THE ABOVE","VTEWM5QSE598","PPLZG8J3N9D4","RAYTHEON COMPANY","RAYTHEON COMPANY","15090",
"W15QKN21F0004","W15QKN18D0002","0","1","DO Delivery Order","$576,287.00","Feb 26, 2021","Oct 8, 2020","2100","DEPT OF THE ARMY","W6QK ACC-PICA","S","R425","SUPPORT- PROFESSIONAL: ENGINEERING/TECHNICAL","541330","ENGINEERING SERVICES","TUCSON","AZ","857569367","NONE","NONE OF THE ABOVE","VTEWM5QSE598","PPLZG8J3N9D4","RAYTHEON TECHNOLOGIES CORPORATION","RAYTHEON COMPANY","15090",
